Id,Jobs,Pop
36071014400,25,0
12071010305,482,1628
12011110402,945,2337
12011110403,329,1853
12011110404,354,2120
12071010306,2707,2423
12071010307,4122,2955
12071010308,1052,2715
12071010309,2088,2308
12111380500,2314,1735
13051002900,25,0
12109021207,688,1635
12031000600,3099,1646
12109021209,659,815
12109021208,1791,2270
12109021211,369,1714
12109021210,330,1365
34013020200,40,0
34017017900,10,0
34039038000,10,0
12086018100,671,1290
12103024701,1425,1119
12103024702,579,896
12103024703,594,1540
39153532999,30,0
42101014600,30,0
27147960400,20,0
6085509201,10,0
35013001309,4,0
17037000800,4,0
13095010401,30,0
12071010404,2026,2941
12011110501,372,1460
12011110502,806,1841
1097007204,10,0
12071010411,358,1730
12071010412,818,2385
12071010413,588,2055
12071010414,692,1214
12071010415,756,1210
12071010416,1270,1115
12071010417,304,630
12071010418,589,1898
12071010419,573,2068
12071010420,1218,2934
12071010421,909,2770
12071010422,578,1480
12109021301,5020,2544
12109021302,4220,2405
12071010423,540,1390
12111380600,1029,1410
12031000700,1905,1843
34027045000,10,0
26141950100,10,0
12086018200,358,743
25013813404,15,0
18157011100,4,0
12103024801,2312,1692
12103024803,337,619
12103024804,698,1062
12103024805,200,1345
26163577000,15,0
11001004201,10,0
11001004202,35,0
45019005100,4,0
1035960500,4,0
39049003200,35,0
6037700801,30,0
13095010500,10,0
12071010501,185,1075
12071010503,155,945
12011110600,7185,2050
12071010504,105,815
27145011400,25,0
25017352400,15,0
12109021403,258,635
12109021404,447,1240
12111380700,2797,3533
12031000800,15733,1729
12109021408,1706,2498
12109021409,659,1054
12109021410,815,1044
53053063401,205,0
17031823605,30,0
12086018300,718,1602
12103024901,1901,2895
34029732101,20,0
12103024904,1441,1738
12103024905,397,2919
12103024906,1221,1588
12103024907,1477,1343
12103024908,2627,1694
42045407502,25,0
39153533200,20,0
27147960600,15,0
1097007400,118,0
12071010601,998,1602
12071010602,2483,678
55089660202,10,0
48029172008,15,0
42003562800,10,0
12015010100,1123,1184
24025301301,15,0
13039010100,30,0
12111380800,2433,418
39035109701,4,0
42091201902,10,0
17031823703,15,0
12086018400,120,1348
12103025004,2431,2537
12103025007,1756,1953
12103025009,5862,1946
12103025011,6089,2653
12103025012,1652,2249
12103025013,794,2042
12103025014,1587,1943
12103025015,331,700
12103025016,629,717
12103025017,686,628
12103025018,753,739
12103025019,778,620
12103025020,662,890
12103025021,2819,1127
26075005301,15,0
12071010701,1051,1096
12071010702,949,627
55089660303,15,0
25025020301,10,0
12015010200,559,1289
25017352600,10,0
13039010201,15,0
12111380901,461,923
12111380902,1201,1595
12031001000,5117,208
12129010101,229,905
12129010102,225,655
34013020600,10,0
34017018302,4,0
26141950400,75,0
12086018500,324,1501
24003740106,44,0
12103025106,5243,911
12103025107,835,1737
12103025108,420,632
12103025109,1537,1954
12103025110,1028,2281
12103025111,1913,595
12103025112,1056,1844
12103025113,1566,1576
12103025114,670,1527
12103025115,150,1186
12103025116,330,808
36059415000,20,0
12103025119,1164,2285
12103025120,579,1616
12103025121,1136,2250
12103025122,624,1858
12103025123,230,659
24047950900,4,0
12071010801,429,608
12071010802,1208,872
12071010803,225,524
12015010301,3851,1129
12015010302,4843,1398
13039010302,170,0
13039010303,10,0
12111381000,1189,439
12031001100,852,1025
26081002000,25,0
26125140500,15,0
12129010204,1344,1659
12129010205,774,2325
12129010206,627,180
12129010207,1158,1843
12129010208,739,2249
12129010209,400,1665
17031823903,15,0
12086018601,448,1076
12086018602,559,1235
17031430700,4,0
26161414700,20,0
12103025204,1558,1256
12103025205,717,1866
12103025207,738,3017
12103025208,793,433
12103025209,1358,1762
12103025210,398,1224
12103025211,2397,743
45019005500,35,0
39153533501,40,0
6081610302,4,0
39153533502,15,0
6081610304,45,0
12015010401,515,948
12015010402,459,704
13039010403,50,0
13039010404,119,0
12015010405,583,1188
13039010405,60,0
13039010407,30,0
26099221100,25,0
39095009902,10,0
12111381103,685,994
12031001200,2562,763
12111381104,125,572
12111381105,255,905
12111381106,100,964
12111381107,240,820
12086018700,1279,1209
12103025303,1933,2468
12103025305,1514,943
36085007002,50,0
12103025307,1370,2364
36085007001,15,0
12103025309,298,816
12103025310,1045,430
12103025311,3066,1269
11001004702,10,0
26075005602,35,0
12033000100,5817,765
9001042600,10,0
13039010500,439,0
12015010503,3484,1174
12015010504,360,400
12015010505,525,1389
12015010506,325,744
24025301703,15,0
12031001300,1027,903
12111381204,489,1090
22051980000,15,0
51810042600,15,0
36083041000,20,0
17031824106,15,0
12086018801,353,724
12086018802,482,524
12086018803,74,692
12103025401,952,2100
26125173500,20,0
12103025407,644,2353
17031824129,10,0
12103025411,1271,864
12103025412,1406,2310
12103025413,2032,1618
12103025414,2292,1012
12103025415,1411,1229
12103025416,457,1639
12103025417,718,563
12103025418,640,715
12103025419,588,1705
12103025420,1343,959
12103025421,932,1105
26009960402,120,0
13039010603,35,0
13039010604,75,0
12111381300,980,1589
12031001401,544,865
12031001402,804,618
26081002300,10,0
12086018901,294,1019
12086018902,587,809
12103025501,617,1736
12103025505,727,811
12103025507,768,966
12103025508,310,223
12103025509,435,1380
12103025510,261,1184
11001004902,19,0
42045408103,10,0
12033000300,2935,1300
51059491705,40,0
48121021305,35,0
13095011200,25,0
22051029900,15,0
12111381401,1066,1264
12111381402,6165,2619
12031001500,717,1178
18031969200,20,0
9001010101,4,0
12086019000,1568,1967
12103025602,1425,1201
12103025603,2347,1142
12103025604,872,565
11001005003,10,0
26075005900,10,0
12033000400,494,770
25021416400,10,0
39049003000,24,0
13063980000,637,0
13095011300,105,0
27139081200,4,0
12031001600,7037,225
12111381504,295,1554
12111381505,1070,2794
12111381506,820,1560
12111381507,2140,2115
12111381508,1068,985
8041006100,4,0
48041002006,20,0
12086019100,721,1444
12103025700,1190,1828
12033000500,797,784
29189211202,4,0
1101005904,40,0
28059042900,44,0
19023070300,10,0
13051004001,10,0
12111381602,1243,1345
12111381603,1323,1470
12111381604,170,720
12111381605,423,1200
13051004002,45,0
26081002600,25,0
48041002100,14,0
12086019200,697,1579
12103025800,649,1308
12033000600,1834,500
33009960102,4,0
20169000102,30,0
48439100602,55,0
12111381701,1144,432
12111381702,1129,425
48121021643,55,0
34027046104,10,0
12086019301,1254,694
12086019302,665,1442
12103025901,2439,1434
12103025902,9874,1020
12061050101,1672,2145
12061050102,790,1130
6037701902,4,0
1101006100,15,0
22051030300,40,0
12111381802,4790,1534
12111381803,510,2199
12111381804,570,2510
37063001400,20,0
48121021759,45,0
37119001922,60,0
51710002500,20,0
9001010500,4,0
9003468102,4,0
34039039302,10,0
12086019401,717,884
12086019402,7969,1732
12103026001,821,1056
12103026003,3015,375
12103026004,275,285
12061050201,1321,556
12061050202,2533,1114
12033000801,4711,908
12033000802,777,1499
51059451200,10,0
29189211500,10,0
12111381900,2422,2339
13051004300,59,0
6037800336,25,0
21015070102,4,0
37063001501,75,0
34013021601,25,0
9001010600,10,0
12086019501,1158,1655
12086019502,3127,1326
1103005101,15,0
26161415600,10,0
12103026101,937,1243
12103026102,160,666
12061050303,530,655
12061050304,494,320
12061050305,5257,633
12061050306,624,160
12033000900,388,1104
33009960402,20,0
12031002101,942,2224
12031002102,607,1211
12111382007,2912,1963
12111382008,1354,3055
12111382009,1574,2175
12111382010,938,540
12111382011,160,794
12111382012,264,1767
12111382013,110,813
12111382014,1049,2890
12111382015,424,1505
12111382016,874,1835
38015010300,15,0
12086019600,854,2402
12103026200,1007,641
12061050401,3893,1462
12061050402,2417,812
12033001001,769,2785
12033001002,838,1382
18097342000,15,0
36079011400,35,0
12031002200,1527,2235
26165380700,20,0
21015070301,45,0
12111382110,1750,2664
12111382112,625,4909
13121980000,515,0
12111382114,340,2854
12111382115,1731,3220
12111382116,680,2545
12111382117,685,3315
12111382118,785,2143
12111382119,390,2757
12111382120,651,830
12111382121,1456,930
12111382122,6870,1080
12111382123,145,1895
12111382124,75,765
12111382125,185,620
12111382126,3984,3915
12111382127,1765,980
12111382128,375,1845
12111382129,540,3239
12111382130,415,1610
51710002800,40,0
12086019700,391,1093
12103026300,936,2755
12061050504,2387,466
12061050505,1556,1276
12061050506,1222,696
12061050507,968,130
12061050508,819,730
12033001101,2992,2314
12061050509,369,450
12033001103,459,1146
12033001104,1622,2495
37161961102,4,0
6059001507,15,0
25009260200,4,0
17031071400,4,0
9009170100,15,0
34025801400,15,0
12111382201,368,615
12111382202,961,1033
12031002300,1914,782
53033010900,25,0
12086019801,454,1894
12086019802,395,1908
12103026401,1053,1361
12103026402,1067,770
12061050601,1125,1074
12061050602,1284,2205
12061050603,1093,2445
12061050604,74,204
12061050605,55,510
11001005802,35,0
12061050607,475,3030
12061050608,738,1961
12033001201,14206,3064
12033001202,4015,1437
13115000600,4,0
12031002400,439,829
39035111202,4,0
51770001200,10,0
12086019901,220,1034
12086019902,494,2609
12103026501,941,1195
12103026502,605,1909
1117030216,10,0
6001428301,15,0
12061050702,1133,1839
12061050704,924,1005
12061050706,864,2105
12061050707,840,2334
12033001300,1625,1333
12061050708,2125,853
12061050709,389,320
6037702501,35,0
13117130601,4,0
47157020532,20,0
13117130615,15,0
12031002501,408,1472
12031002502,1034,1782
18087970700,10,0
40109100500,30,0
34017019800,15,0
34039039900,50,0
12086020001,25,669
12086020002,435,1681
12103026601,799,1665
12103026602,1946,1644
1117030315,10,0
37063002030,10,0
12061050805,633,1359
12061050806,694,1350
12061050807,499,1798
12061050808,4121,1294
12033001401,2978,440
12033001402,4486,2064
12061050809,529,1620
12061050810,360,1243
12061050811,1425,2019
12061050812,733,614
37063002038,4,0
25017321400,25,0
1117030330,55,0
36079011801,15,0
12031002600,2675,1168
34017019900,225,0
12086020100,625,1173
36099950600,15,0
12103026701,960,2367
12103026703,6200,2545
12103026704,1907,1960
12103026705,2727,1620
42045409300,4,0
12061050903,693,2815
12061050905,838,1469
12061050906,430,363
12061050907,269,524
12033001500,870,337
12061050908,1309,1030
12061050909,469,1225
25017321500,75,0
36029007904,15,0
33001965598,35,0
12031002701,1527,779
12031002702,500,957
1117030502,10,0
12086020200,3034,1385
12103026804,1626,1944
12103026809,653,1060
12103026811,1254,1989
12103026812,3399,2045
12103026813,2590,1487
12103026814,2845,621
12103026815,1172,2061
12033001600,2753,465
12103026816,3383,2489
12103026817,1028,2678
12103026818,1306,1700
12103026819,3509,1099
12103026820,1982,1645
12103026821,546,1176
9001044100,20,0
12031002801,1613,1271
12031002802,612,1243
19033950402,4,0
34017020100,10,0
12086020300,242,848
12103026904,1977,2134
55025010905,25,0
26125175000,4,0
12103026908,828,1774
12103026909,1193,1587
55025010908,10,0
12103026911,345,1243
12103026912,815,1364
12103026913,1110,1019
12103026914,1049,1380
12103026915,247,905
12033001700,2628,942
12103026916,981,1904
12103026917,691,370
25021417703,4,0
6037702900,125,0
12031002901,184,805
12031002902,190,1084
13059000600,4,0
26125142300,30,0
37031971103,4,0
37067000100,10,0
51059460400,24,0
12103027000,1475,2465
22075050300,10,0
42045409602,20,0
12033001800,4326,562
36029008201,19,0
6037277000,35,0
45013010800,10,0
34025802100,4,0
37119003020,15,0
51059460501,20,0
18097310104,69,0
18097310110,25,0
12103027105,728,1609
12103027106,983,1854
12103027107,517,385
12103027108,3429,515
12011080102,2899,1545
12011080103,229,547
12011080104,298,1031
12011080105,869,1122
12033001900,358,536
33001966000,125,0
47157021112,4,0
34025802200,4,0
37119003102,4,0
51710003700,4,0
12103027202,2901,3024
12103027204,939,1969
12103027206,3029,2844
12103027207,1888,2168
12011080200,14636,364
12103027208,1914,4054
12103027209,542,331
12103027210,1069,1882
12103027211,1497,1596
12103027212,755,1610
11001006600,10,0
12033002000,918,605
9003502100,19,0
6085511705,24,0
55079012900,20,0
34003061300,20,0
18163010101,10,0
33015106101,20,0
6037113426,10,0
12103027308,1807,1709
12103027309,807,762
12103027314,440,1337
12033002100,1185,2135
12103027316,722,1154
12103027317,883,2514
12103027318,1154,2027
12103027319,1102,1845
12103027320,3644,2537
12103027321,297,831
12103027323,1052,1466
12103027324,887,1684
12103027325,341,1115
12103027326,677,1637
12103027327,7731,2515
12103027328,446,1650
12103027329,1315,1410
12103027330,1920,514
12103027331,159,1254
12103027332,140,879
12103027333,951,1485
47157021311,50,0
33009961604,4,0
39035177609,10,0
18163010207,25,0
47157021351,15,0
47157021355,54,0
51810044600,15,0
55009020600,15,0
9001110202,35,0
42055011000,50,0
25027742402,10,0
12103027401,1616,1109
12103027404,3102,2542
12011080402,2288,1029
12011080403,1398,1964
12011080405,598,1160
12011080406,1226,2315
29165030103,25,0
12033002200,959,1450
12099980000,567,0
44007000800,8,0
13157010200,4,0
9001110302,14,0
12103027501,1683,2419
12103027503,1067,1649
12103027504,233,695
55025011504,15,0
22075050800,10,0
12011080500,4172,2740
29165030201,15,0
12033002300,1306,2423
25017322300,4,0
12099980100,205,0
47157021545,10,0
48029141900,30,0
18089020300,20,0
12103027603,711,940
12103027604,973,644
12103027605,602,639
12103027606,944,861
12033002400,7415,351
17031760801,25,0
17031838200,10,0
29189213102,49,0
36081044400,30,0
51760040900,10,0
13115001800,4,0
51660000205,4,0
55141010400,4,0
12103027701,572,862
12103027703,474,410
12103027704,699,840
12033002500,3169,1403
36029008900,15,0
12103027801,750,395
12103027802,904,1219
21073071200,4,0
11001007201,30,0
11001007203,15,0
12033002601,514,1823
12033002602,1034,723
12033002604,807,1798
12033002605,1238,2244
12033002606,574,1245
12033002607,513,2612
20173000700,15,0
48389950600,55,0
37119003802,14,0
37119003805,20,0
39049006238,10,0
37119003809,24,0
18089020600,10,0
12103027901,2410,825
12103027905,575,1924
34029735106,40,0
12033002701,143,1125
12033002703,739,1171
12033002704,896,2467
12099980500,3200,0
29189213401,19,0
37107010800,4,0
6037310705,15,0
37067001100,20,0
39049006352,10,0
39049006353,10,0
12103028002,1865,1715
12103028004,780,758
12103028005,850,512
12103028006,2254,508
36085009702,4,0
12033002801,349,881
12033002802,1804,2203
12033002803,727,1258
12033002804,2132,961
39049006386,15,0
47157022026,60,0
37107010900,55,0
51760041300,15,0
18155965800,15,0
39109365101,15,0
39153503600,20,0
55009021303,15,0
55009021304,250,0
12103028102,664,1409
12103028103,1111,525
12103028104,1326,1130
41047002502,20,0
12033002900,394,1296
9001045400,15,0
12117020101,2386,415
12117020102,441,604
12103028200,424,916
55025012202,10,0
45055970800,4,0
42003435000,10,0
12033003001,190,1370
12033003002,2556,1522
36029009402,10,0
13215010303,15,0
1039961600,15,0
29189213701,10,0
36063022601,4,0
12117020201,1064,822
12117020202,717,1970
39109365301,15,0
39153503800,10,0
21145030200,25,0
12103028300,732,1308
12033003100,418,1372
25021419100,4,0
13067030111,15,0
13215010402,20,0
37125951101,45,0
33015107200,85,0
34025803400,15,0
6041112202,15,0
12117020301,539,1008
12117020302,169,665
32003002000,19,0
37119004306,10,0
37067001500,15,0
55141011100,10,0
12127080101,3056,1929
12127080102,1382,1735
51810045606,15,0
12103028403,414,696
12021010102,1825,2150
18033020602,10,0
12021010107,965,2083
12021010108,3912,1096
12021010109,647,530
12021010110,683,1850
12021010111,1611,503
12021010112,286,793
12033003201,990,1530
12021010113,714,330
12033003203,1309,1429
12033003204,178,1258
12021010114,557,530
36029009602,10,0
48163950301,65,0
13067030247,34,0
13067030248,10,0
12117020401,176,518
12117020402,1257,1345
13067030274,35,0
42055012100,100,0
13067030278,35,0
12127080201,315,697
12127080202,320,945
12103028500,604,856
32029970200,40,0
12021010205,4202,1150
12021010208,1548,462
12021010209,1100,717
12021010210,3572,872
12021010211,380,1016
47157022500,25,0
12021010213,2973,1256
12033003301,1543,1669
12021010215,3794,480
12021010216,8569,1117
12033003305,698,750
12021010217,650,848
12033003307,60,768
12033003308,842,1956
36029009702,25,0
12033003310,472,1752
12033003311,987,1314
12033003312,273,1437
12033003313,150,1369
44007001900,15,0
13067030331,15,0
13067030344,20,0
13067030345,45,0
34025803601,10,0
13067030353,4,0
13067030355,10,0
12117020500,1450,827
12127080300,1564,1217
51810045809,25,0
12103028601,6808,1570
12103028602,4546,1524
12021010300,1650,1755
39109300100,30,0
13067030405,25,0
12033003400,3200,2741
47157022600,50,0
13067030411,40,0
13067030412,10,0
13067030413,20,0
13067030414,10,0
1039962000,35,0
42133000100,55,0
24510271400,10,0
23001010100,10,0
12117020601,12673,4143
12117020602,1393,3545
51013980100,50,0
12127080400,2050,1359
36005023702,20,0
12103028700,947,475
28087980000,40,0
12021010401,2187,1590
12021010408,1134,1289
12021010411,589,3122
47157022700,15,0
12021010416,2108,2350
12033003505,534,1893
12033003506,1464,2443
12033003507,3826,2898
12021010419,575,1783
12033003509,972,2009
12033003510,682,1244
12021010423,944,2491
12033003511,3149,1060
12021010425,295,1574
12021010426,599,2499
12021010420,774,2568
12021010428,1622,2498
12021010429,473,700
12021010430,2971,1749
12021010422,300,1699
12021010424,1378,2534
12021010427,85,591
12021010432,939,1269
12021010433,779,715
12021010434,902,1750
12021010435,439,1040
12021010436,1284,3020
12021010437,1173,1015
12021010438,1206,2014
39049007114,20,0
38059020302,10,0
39049007120,4,0
12117020703,954,2233
12117020704,8712,1960
12117020705,884,1204
12117020706,4012,2460
12117020707,1440,3974
27163070502,4,0
51013980200,50,0
17031827500,10,0
12127080500,1084,1083
17093890105,20,0
17093890107,20,0
12021010508,397,1044
12021010511,294,1138
12021010512,383,1199
12021010513,5211,642
12021010514,725,1145
12021010515,109,265
12021010516,89,463
12021010517,119,579
12021010518,1826,1185
12021010519,110,806
12021010520,552,633
12033003603,4427,3389
12033003607,3197,1331
12033003608,1627,3654
12033003609,1836,1461
12033003610,995,2825
12033003611,1173,2678
12033003612,697,2325
12033003613,527,1576
12033003614,2898,2427
9003405401,20,0
12117020803,4801,2378
48039661700,40,0
12117020805,6155,3063
12117020806,1433,2778
12117020807,1483,2708
12117020808,3383,1790
12117020810,720,1835
12117020811,1484,3679
12117020812,5793,2677
32003002506,25,0
17031827600,15,0
42055012501,30,0
12127080600,2828,975
12071080100,893,80
12021010601,1714,872
12021010602,1358,753
12021010604,2805,746
12021010605,475,1190
12021010606,423,794
13067030700,50,0
11001008301,50,0
12033003700,1521,2064
17179021500,25,0
12101030101,774,946
12101030102,663,849
12117020901,1239,1779
12117020902,1381,949
12117020904,3699,2593
12117020905,1206,2398
26125144301,4,0
47065010413,4,0
39047926000,15,0
9001210101,15,0
12127080700,364,1978
55079080200,10,0
12071080202,1770,715
12071080203,897,411
12071080204,1917,734
12021010701,803,1338
12021010702,1174,959
13067030800,45,0
5007020305,35,0
12033003800,563,1804
39151702300,4,0
1039962400,10,0
17179021603,10,0
29189214500,35,0
36081144100,10,0
42133000500,10,0
12101030202,611,878
12101030203,433,551
12101030204,1825,416
12101030205,1190,828
12117021000,4208,2131
26125144400,4,0
12127080803,1370,2369
12127080805,1108,2358
12127080806,1402,984
12127080807,2637,1855
12127080808,5807,2160
12127080809,200,1990
12071080300,4767,524
12021010801,1148,1111
12021010804,265,1875
12021010805,569,402
12021010806,268,359
12021010807,1733,1699
12021010808,452,1483
12033003900,878,1294
39049007492,4,0
12101030303,861,1315
12101030304,1700,1465
17031500200,4,0
42017100201,15,0
22109000106,10,0
12117021100,613,1381
42017100207,15,0
42017100210,15,0
39047926200,10,0
39049007550,10,0
12127080901,1293,1348
12127080902,558,1121
12021010902,1352,1193
12021010904,1048,575
12021010905,2101,740
12021010906,348,395
12021010907,469,805
32003002847,14,0
12033004000,614,905
6075060703,45,0
39151702500,15,0
39061000700,24,0
24510272003,10,0
12101030404,506,1214
12101030405,185,533
12101030406,669,925
12101030407,584,933
12101030408,878,948
12101030409,329,998
12101030410,548,382
12101030411,368,1285
12101030412,605,839
1099076102,40,0
37119005200,10,0
12117021201,1045,3183
12117021203,709,2770
12117021205,970,1735
12117021206,1309,2882
9001210402,15,0
26093720100,10,0
55009940008,35,0
12127081001,1304,790
12127081002,1332,724
41051001400,30,0
12021011003,1734,516
5007020604,4,0
11001008701,20,0
25017324101,15,0
13067031114,20,0
8031015500,30,0
1039962700,14,0
13067031121,95,0
32003002961,10,0
48113980000,74,0
42003468900,4,0
12101030501,1036,507
12101030502,467,1450
12117021306,619,2935
12117021307,4273,3159
12117021311,1711,2094
12117021312,1806,2913
12117021313,860,4080
12117021314,5071,1847
12117021315,1633,3394
12117021316,563,2019
12117021317,1895,3830
12117021318,2891,3682
12117021319,924,635
12117021320,1289,4178
12117021321,1335,1253
9001210502,15,0
12127081101,628,1120
12127081102,403,843
51710005903,309,0
47145030301,20,0
12021011103,367,456
12021011107,289,167
12021011108,744,1499
12021011109,660,795
12021011110,194,442
12021011111,128,557
12021011112,219,328
12021011113,259,355
12021011114,924,844
11001008804,10,0
13067031207,50,0
13161960102,25,0
25021420202,20,0
13067031214,15,0
9003504300,15,0
39041012400,24,0
17179022000,15,0
13067031216,40,0
9011696300,10,0
36081046200,35,0
48113980100,438,0
42003469000,4,0
12101030601,1233,693
12101030602,792,733
34037371600,4,0
12117021401,1777,4050
12117021403,1261,3408
12117021404,1332,3534
12127081201,2857,1125
12127081202,964,265
54061011700,4,0
12021011204,527,1077
12021011205,1328,647
12021011206,150,2255
12021011207,403,469
12021011208,2409,2215
12021011209,889,2425
12021011210,390,525
12021011211,735,1935
12021011212,633,2120
12021011213,1432,1295
12021011214,559,1930
36029010700,15,0
13121000201,15,0
13067031321,25,0
29189215001,19,0
6111007515,10,0
29189215004,25,0
12101030700,1386,1532
12117021504,4939,1185
12117021505,1853,2047
12117021506,3194,1800
12117021507,4212,3403
37119005508,20,0
37067002704,20,0
12127081300,725,850
32003003222,20,0
32003003223,4,0
37119005534,4,0
12021011303,145,1269
12021011304,179,944
12021011305,185,593
12021011306,399,1142
51153900403,50,0
36029010803,10,0
32003003252,35,0
36029010808,20,0
1039963000,50,0
23019000700,4,0
33013044100,4,0
42133001100,10,0
12101030800,1222,1057
48453030800,40,0
12041950100,688,1425
18167010202,15,0
12117021604,712,1906
12117021606,3444,2861
12117021608,5448,3003
12117021609,914,1735
12117021611,1037,2025
12117021612,1358,2193
12117021613,1632,1686
12117021614,1029,2240
12117021617,2443,3254
17103000500,10,0
37067002806,14,0
12021011400,2201,1463
13121000400,45,0
39049008110,10,0
12101030901,1396,1505
12041950201,124,719
12041950202,275,417
12041950203,65,806
12041950204,774,716
12101030905,890,934
12101030906,1877,2065
13087970301,23,0
22109000702,25,0
13087970302,10,0
29189215234,10,0
29189215235,4,0
12117021704,1267,1966
12117021705,2235,2645
12117021706,2515,1823
12117021707,889,3347
12117021708,1823,2781
42017100808,4,0
47141000202,10,0
12127081500,1296,488
34029737000,25,0
39049008172,10,0
17031140400,85,0
36059518000,10,0
34003031100,4,0
23019000900,10,0
39035180104,30,0
12101031003,266,1827
12101031005,1141,1628
12101031006,195,779
12101031007,859,1778
12101031008,1442,946
12101031009,513,855
12101031010,194,1427
12101031011,274,875
12101031012,823,1443
12101031013,1407,987
12101031014,105,1202
12117021802,2725,2273
12117021803,1262,2211
12117021805,143,917
12117021806,1826,2834
47065011311,15,0
12011050100,5475,1821
22105953401,15,0
47065011321,30,0
12127081600,632,881
37119005824,10,0
29510112400,14,0
37119005840,10,0
54081000600,40,0
18053010600,10,0
13275960501,60,0
13275960502,125,0
12101031101,1793,1425
12101031103,578,323
12101031104,627,1230
12117021901,4546,2638
12117021902,4667,1972
47141000400,10,0
36053030102,20,0
37119005913,30,0
12011050204,9988,2484
12011050205,274,831
12011050206,3106,1773
12011050207,6840,3023
12011050208,12695,1333
12127081701,253,818
12127081702,1235,1664
37119005928,4,0
37119005932,45,0
11001009400,15,0
36059518204,10,0
6075061501,4,0
6075061503,10,0
6075061507,8,0
13275960601,105,0
13275960602,139,0
12101031203,263,512
12101031204,1877,682
12101031205,1183,1132
12101031206,1108,959
12101031207,160,1030
12101031208,628,1742
13087970600,4,0
48201340201,30,0
48201340203,10,0
12117022001,1806,816
12117022002,2158,2613
12117022004,1050,1134
37119006005,35,0
12117022006,1132,1584
12117022007,778,2009
12011050301,1405,3753
12011050306,1162,2244
12011050308,410,995
12011050309,369,937
12011050311,245,1143
12011050312,1297,934
12011050313,992,920
12011050314,74,952
12011050315,337,810
12011050316,392,699
12127081800,6557,1104
44007003500,10,0
29189215600,10,0
13275960701,55,0
8035014014,4,0
13275960702,183,0
55087011200,10,0
12101031301,436,1185
12101031302,1295,2470
6037214600,15,0
13097080203,20,0
18167010703,4,0
12117022101,1866,2538
12117022104,682,3044
12117022105,302,1618
12117022106,1124,3895
12011050401,843,2278
12011050402,1341,2219
37119006115,25,0
17031828900,25,0
27053102500,20,0
12127081900,475,816
37067003311,10,0
37067003315,4,0
12121970100,1607,1420
44007003602,15,0
13275960800,40,0
36047066600,4,0
12101031401,1800,1553
12101031404,1559,1420
12101031406,922,660
12101031407,1012,1043
13087970800,4,0
12101031410,731,1535
12101031411,366,453
12101031412,993,1294
15003981300,4,0
12117022201,1992,2353
12117022205,811,1733
12117022206,901,2835
12117022207,2106,2689
12117022208,731,2027
12117022209,559,1385
12011050501,1414,1428
12011050502,1713,2232
37119006220,4,0
12127082000,4122,638
12121970200,1019,878
36059518501,35,0
13121001001,19,0
51153901102,25,0
13275960900,92,0
12101031503,685,1122
12101031504,149,697
12101031505,812,2388
12101031506,1051,1754
12101031507,2382,2045
12101031508,3311,2166
42017101401,30,0
42017101403,20,0
36081079900,10,0
12011050601,1784,1786
12011050602,2830,1679
12127082100,1058,1148
12121970301,109,253
12121970303,208,164
12121970304,662,745
24510240400,4,0
47011010202,10,0
55087011501,15,0
12101031601,2267,2575
12101031602,1463,3479
12101031603,837,3570
12101031604,1384,2875
12101031605,2690,2300
39049008822,40,0
22109001400,10,0
13097080506,8,0
37119006403,4,0
37119006407,15,0
12011050701,2227,1537
12011050702,3587,2758
17031829200,4,0
12127082201,1422,1690
12127082202,252,724
51710007002,30,0
47019071200,20,0
12121970401,997,704
12121970402,1108,780
36059518700,10,0
13121001205,4,0
39049008900,4,0
26163517200,48,0
12101031701,2949,2581
12101031703,303,1331
12101031704,4038,2449
12101031705,704,1733
12101031706,1077,1380
12101031707,412,1420
12101031708,694,1533
13097080607,15,0
12099000102,2412,942
12099000103,328,975
12099000104,1081,1819
12011050800,2590,1565
36061026100,20,0
12127082302,8170,1428
12127082303,3441,1440
12121970501,45,655
12121970502,576,965
39063000901,15,0
54081001300,20,0
39051040600,15,0
51153901407,10,0
17031838800,25,0
26163517300,10,0
48439105403,15,0
12101031804,586,815
12101031805,738,1226
12101031806,779,1663
12101031807,1285,595
12101031808,726,1991
12101031809,365,1128
48439105405,20,0
34025805700,10,0
47065012100,189,0
12099000202,2013,2828
12099000204,4302,1657
12099000208,1592,1843
1083021201,15,0
12099000210,1718,3017
12099000211,289,1710
12011050900,2253,2350
12099000213,2519,984
12099000214,663,3191
12099000216,334,1254
12099000217,686,2140
12099000218,913,1628
12099000219,2644,3099
12099000220,649,1685
12099000221,3655,2971
12099000222,3647,611
12099000223,1389,1407
12127082401,1998,1427
12127082404,1257,934
12127082405,485,1668
12127082406,159,1026
12121970601,789,879
12121970602,138,860
12127082410,2002,2373
12127082411,657,1414
12127082412,247,1260
12127082413,240,1672
12127082414,1057,1481
12127082415,782,824
11001010100,150,0
13049010101,110,0
36059518900,10,0
47011010500,15,0
12079110100,160,560
12101031901,757,1413
12101031902,1826,3098
12101031903,1988,2620
34025805800,10,0
12099000301,1837,1034
12099000303,1023,1735
12099000304,6000,2604
42043021300,10,0
1097007102,15,0
12011051001,1655,2079
12011051002,984,1378
17031829500,40,0
12127082503,3066,2338
12127082506,2306,1836
12127082508,440,1898
12127082509,209,1743
12127082510,644,1347
12127082511,1026,752
12127082512,2589,2360
12127082513,99,415
32033970200,20,0
11001010202,160,0
34003032103,25,0
12079110200,329,507
12101032001,1779,3244
12101032005,823,1020
12101032006,1811,3807
12101032007,663,1322
12101032008,520,2354
12101032009,647,2874
12101032010,408,1972
12101032011,700,2615
12101032012,3247,1889
12101032013,2861,2548
12101032014,1012,3253
1067030600,54,0
47141001300,15,0
12099000405,364,1311
12099000406,1096,609
12099000407,1715,640
12033003512,1704,1853
12099000408,2234,898
12099000410,4079,1341
12127082604,1117,787
12127082605,1088,1304
12127082606,718,936
12127082607,434,935
37067004013,25,0
42075003000,10,0
39051040900,10,0
23019002000,49,0
12079110301,549,479
12079110302,855,578
12101032103,424,2535
12101032104,968,3163
12101032105,1735,3614
12101032106,2534,2733
12101032107,4465,2553
12101032108,860,2733
12101032109,1766,2744
12101032110,1552,1478
12101032111,854,2006
12101032112,443,1920
12101032113,345,1994
15003982000,10,0
12099000505,900,841
12099000507,1128,281
12099000509,696,475
12099000512,312,399
12099000513,452,484
12127082701,678,603
12127082703,1787,1191
12127082704,648,822
12127082705,805,707
13277960402,38,0
11001010400,20,0
13121001702,15,0
29189216500,200,0
39049009403,15,0
12079110400,399,893
12101032200,2343,1988
12099000600,1888,806
26117970200,15,0
12043000100,114,134
12127082801,310,1050
12127082802,4378,1453
24027601204,44,0
11001010500,19,0
13247060310,100,0
12101032300,426,1039
51600300400,15,0
12099000702,1208,1582
12099000703,2037,1533
12043000201,160,720
12043000202,124,391
12127082902,2054,2300
12127082903,1177,1969
12127082904,1038,2100
11001010603,20,0
27171101101,15,0
13121001902,28,0
39049009600,10,0
12101032401,572,1030
12101032402,207,1019
9001081300,10,0
48201341400,10,0
51059431900,15,0
12099000803,3621,1285
12099000805,2753,2653
12043000300,403,355
39153506800,65,0
17031830006,4,0
12127083003,1275,1390
12127083005,1108,1169
12127083006,629,2680
12127083007,300,1868
12127083008,1687,1355
12127083009,1017,1316
11001010700,41,0
36059519500,35,0
36029012502,20,0
22055000603,50,0
12101032500,1904,2299
48453032500,20,0
12023110201,624,931
12023110202,518,1100
36081080900,4,0
12099000902,4543,1333
12099000903,2090,1865
12099000904,3196,1843
12099000905,1521,1132
9003473501,10,0
20091050600,15,0
11001010800,64,0
13121002100,55,0
42063960700,40,0
6013328000,15,0
47011011201,70,0
47011011204,30,0
51047930502,10,0
12101032601,1975,830
12101032602,2232,1230
12023110300,992,1125
12099001002,5720,2165
12099001003,3289,2003
12099001004,6463,2299
32003005113,4,0
12127083203,1097,3230
13277960900,4,0
12127083205,2037,1600
12127083206,1737,356
12127083207,2960,2905
12127083209,1186,2354
12127083210,846,2644
12127083211,989,2615
45003021004,20,0
36059519702,10,0
39007001303,45,0
25021422301,75,0
12101032700,467,575
39155931900,25,0
12023110400,1350,275
18097380102,4,0
12099001101,1634,2550
12099001102,515,962
27123030800,90,0
13245001200,20,0
42031160103,15,0
36085013302,8,0
12065250103,325,410
12065250104,558,1065
12065250105,294,390
12065250106,89,840
6001433400,10,0
36029012800,10,0
12101032802,413,685
12101032804,2779,504
12101032805,1896,1252
12023110500,3845,875
42017102700,4,0
12099001200,961,2050
12071050103,289,350
12071050104,141,498
12071050105,1912,649
12071050106,1365,1520
32003005317,30,0
36081015700,10,0
12065250200,190,1435
41051003801,35,0
11001011100,40,0
9001245600,19,0
36029012902,10,0
32003005350,45,0
12101032901,404,2134
12101032902,120,402
12101032905,769,1184
12023110602,650,1371
12023110603,369,790
12023110604,760,1399
51059432401,15,0
12099001301,2470,2612
12099001302,359,1655
48439106518,63,0
48439106523,10,0
12071050204,454,1999
12071050205,2166,853
12071050206,425,1908
12071050207,342,948
12071050208,913,2706
13035150300,15,0
12071050210,455,825
12071050211,432,475
12071050212,383,1970
12071050213,321,1979
26163551200,15,0
17031830500,10,0
55039040500,4,0
45003021300,35,0
36059520001,30,0
36103124401,4,0
12023110700,1911,1273
12101033005,673,1720
12101033006,578,848
12101033007,178,300
12101033008,923,736
12101033009,1845,1235
12101033010,134,1226
12101033011,483,665
12101033012,90,655
12101033013,687,815
12027010101,272,397
12027010102,1192,621
12101033014,278,420
48201342001,15,0
12099001402,6735,721
12099001403,1272,837
12099001404,4216,1642
27019091001,15,0
12071050305,1799,638
12071050306,2556,616
12071050311,1477,3359
12071050312,559,1270
12071050315,265,255
12071050316,1722,314
12071050317,1993,714
12071050318,2955,2415
12071050319,465,860
12071050320,959,1408
12071050321,1595,621
12071050322,1146,390
12071050323,50,195
12071050324,715,730
12071050325,685,1040
51650010200,4,0
13121002600,30,0
39049010300,29,0
12101033101,550,507
12101033102,400,510
12023110800,330,1740
12027010200,2127,1433
42081000600,15,0
12099001500,1508,830
12071050401,945,1775
12071050402,595,2374
42043022502,50,0
9007570100,25,0
45003021500,20,0
51650010304,14,0
37081980100,25,0
51650010315,4,0
5143010521,20,0
12023110901,549,1113
12023110903,255,1428
12023110904,622,1727
12027010301,165,993
12027010302,118,275
12099001600,493,1295
12071050501,404,1919
12071050502,2059,815
42043022601,30,0
36047101200,10,0
27053104400,10,0
13089021204,40,0
42031160600,20,0
13089021210,84,0
42075004200,10,0
13089021230,15,0
1069041000,119,0
22055001420,14,0
36087012700,10,0
12027010403,400,929
12099001700,1355,1465
12027010404,304,337
12027010405,105,201
12027010406,503,1060
12071050601,1274,1126
12071050603,1168,1779
12071050604,971,465
24027602302,20,0
32003005843,20,0
29189217701,15,0
36087012800,10,0
24005451200,10,0
47037980100,10,0
12099001801,2454,2335
12099001802,4897,1160
48037010906,25,0
13089021412,15,0
23001046500,4,0
13089021415,80,0
51650010601,4,0
13089021421,15,0
13121003000,20,0
13051010601,40,0
13051010603,15,0
23005011500,4,0
12099001904,1275,1729
32003006001,45,0
12099001907,842,1307
12099001909,1422,1011
12099001910,175,409
12099001911,156,198
12099001912,25,449
12099001913,159,239
26163551800,20,0
12099001916,1591,1844
12099001917,2682,2002
12099001918,315,1574
12099001919,639,2819
12099001920,483,1789
12099001921,1166,1128
36029013600,10,0
48209010305,30,0
13051010701,134,0
13051010706,10,0
12099002005,3881,2041
12099002006,1112,2144
48037011102,15,0
26099982002,29,0
36029013701,14,0
34025807600,105,0
54011010802,10,0
12099002100,870,1337
25025060602,20,0
13051010811,120,0
45041000201,10,0
20091051804,15,0
20091051808,4,0
18019050703,30,0
37133000500,15,0
12011020101,2516,4040
12011020103,1633,2225
12011020104,3244,1464
25021456200,115,0
24047951700,25,0
12099002200,415,677
17031831400,10,0
24027602800,10,0
26099261300,15,0
37133000600,24,0
28087001000,10,0
36075020202,30,0
12011020204,667,2719
12011020205,2201,2842
12011020206,480,1999
39103406000,25,0
12011020209,1428,1047
12011020210,722,2695
12011020211,695,1038
12011020212,165,1647
12011020213,275,1723
12011020214,124,1159
34025807800,25,0
12099002300,4852,1554
13051011006,25,0
48113000410,25,0
36103135205,10,0
44005040101,15,0
20091052006,20,0
45079011305,15,0
13121003500,14,0
48453001200,15,0
9001050100,8,0
22055002101,4,0
12011020302,1271,3787
12011020308,539,1898
12011020309,2133,3017
12011020311,1411,1284
12011020312,1749,2569
12011020313,583,2285
12011020314,4894,2167
12011020315,1773,2331
12011020316,2653,2105
12011020317,1033,1300
12011020318,1691,4196
12011020319,440,2614
12011020320,1178,2540
12011020321,323,722
12011020322,1257,1761
12011020323,2443,1605
12011020324,411,2798
12011020325,314,1546
12011020326,5459,2621
12099002400,488,437
13127000101,55,0
13127000103,25,0
17031831600,15,0
45063020601,25,0
45063020605,4,0
36103135303,30,0
9001050200,20,0
29189218401,10,0
22115950701,30,0
12011020404,1537,4019
12011020405,564,1844
12011020406,904,2543
12011020407,1370,3762
39155933301,10,0
12011020412,309,1159
12011020414,404,1665
12011020415,472,1475
12011020416,325,1295
12011020417,279,760
12011020418,563,1510
12011020419,1630,2102
12011020420,394,1509
12011020421,245,2133
36103200901,10,0
31059091600,10,0
20091052201,4,0
45079011501,30,0
36029014207,15,0
23019004100,15,0
12011020501,627,1939
12011020502,374,3153
12099002600,5609,1511
32003006700,4,0
13127000303,10,0
48113000704,10,0
48113000706,35,0
44005040400,15,0
48029180202,15,0
22103040304,10,0
22103040306,4,0
22103040308,15,0
12099002701,3882,420
12099002702,1599,1015
12099002703,4280,844
32003006800,25,0
25025061203,10,0
13127000405,55,0
13127000408,15,0
13127000409,15,0
55039041902,20,0
25027732801,20,0
25009267103,10,0
48171950500,15,0
42017104303,15,0
12099002800,2111,1230
13127000501,129,0
13127000503,50,0
6053011902,4,0
13089022404,45,0
20091052506,10,0
26163585500,50,0
45063021035,15,0
55079019000,4,0
13051011600,20,0
34025808402,4,0
12099002900,3484,1494
39113040405,4,0
55079150100,10,0
13127000601,10,0
39153508900,15,0
36005028400,10,0
17031340600,10,0
20091052604,110,0
6037480011,125,0
22103040602,10,0
22103040607,60,0
39155933800,4,0
12099003000,4774,1815
13299950200,4,0
13127000702,20,0
45063021204,10,0
20091052701,10,0
17031570100,4,0
48453001912,25,0
48453001916,15,0
22103040711,4,0
39061005000,10,0
22103040712,20,0
6071001803,10,0
48201343700,20,0
13051011800,4,0
12099003101,1294,3156
12099003102,1063,2621
13127000800,50,0
42043024101,10,0
18057110301,4,0
36075021104,25,0
13051011900,20,0
34025808701,10,0
42017104703,15,0
13299950400,45,0
12099003201,1391,1604
12099003202,1370,2294
13127000900,15,0
45041001300,10,0
6059074405,35,0
29189219200,10,0
36109001600,15,0
18057110405,35,0
25017361300,10,0
12099003300,1360,2212
13127001001,70,0
42043024300,10,0
17031832500,15,0
9007670200,10,0
34003035100,10,0
13113140210,70,0
39061005301,30,0
8005006862,10,0
8005006864,25,0
1021060101,10,0
12099003400,2077,1800
23005013002,15,0
40143004700,10,0
15003001901,10,0
36081017902,10,0
20091053109,4,0
1043965001,25,0
13113140303,15,0
37171930202,75,0
6071002204,10,0
12099003507,743,590
12099003512,3430,250
12099003513,3585,506
12099003514,1679,820
4013106300,25,0
24031700105,15,0
12061980000,826,0
20091053201,15,0
26163520700,10,0
36075021504,4,0
12099003600,1772,2229
13299950802,15,0
6053012700,4,0
29097010400,94,0
4019004642,4,0
4019004648,4,0
13089023214,45,0
36111951100,30,0
18057110807,10,0
18057110813,10,0
18057110815,25,0
1033020705,8,0
12099003700,2313,1819
12031010101,1245,4165
12031010104,5504,1881
12031010105,862,1049
12031010106,469,2260
12031010107,544,1964
32003007802,87,0
6059042109,25,0
13089023315,15,0
13089023327,15,0
48029181303,4,0
1033020802,10,0
42017105300,10,0
12099003801,624,1106
12031010202,4542,1401
12031010203,1715,2752
12031010204,1145,1661
12099003802,6409,1459
17031833000,50,0
48113001901,4,0
13089023444,30,0
48029181402,20,0
12111980000,177,0
18057111011,45,0
18057111012,14,0
12031010301,13131,2553
12099003901,591,1691
12099003902,1016,2765
12031010305,973,2597
12031010306,768,635
12031010307,85,745
12031010308,705,1720
17031833100,15,0
13089023501,15,0
48113002001,15,0
20091053603,55,0
34013980200,1021,0
40113940014,20,0
12071020102,535,861
12071020103,322,514
12071020104,250,373
37021001300,75,0
48257050204,4,0
12031010401,210,1520
12031010402,1366,1522
12099004005,249,1835
12099004007,912,2231
12099004008,154,1640
12099004009,900,1224
12099004010,273,1019
12099004011,293,2074
12099004012,235,1535
12099004013,383,840
48113002100,25,0
36047005302,4,0
36005029500,15,0
12071020201,1008,423
12071020202,190,1139
36103169706,15,0
18005010100,4,0
12099004101,4036,1791
12099004102,493,1092
12031010501,264,1750
12031010502,700,1155
12031010503,1521,2619
12119910100,552,1138
48113002200,10,0
45041002204,4,0
24031700706,10,0
37189920500,4,0
20173006600,45,0
12071020301,228,1230
12071020302,169,980
48453035800,4,0
42003474202,10,0
12031010601,7084,1044
12031010602,359,975
12099004203,1020,851
12099004204,393,844
12099004205,337,2056
12099004206,10,868
12099004207,625,1125
26081011502,10,0
6053013300,90,0
13089023802,10,0
4025001804,20,0
15003002701,10,0
1015981901,4,0
24031700818,10,0
42011010903,10,0
51013101401,15,0
37189920602,15,0
24031700829,4,0
24031700838,4,0
12071020400,888,1132
37021001602,15,0
48339691403,20,0
12031010700,551,1295
12099004300,2792,2915
42029305300,10,0
53053073301,4,0
12119910300,862,695
51678980000,25,0
24031700901,4,0
24021772200,10,0
24031700904,10,0
24031700905,10,0
6059075516,15,0
12071020501,240,854
12071020502,1087,1169
4019005400,4,0
6067005403,10,0
12055980000,4,8
34025809901,15,0
12031010800,105,1163
12099004401,677,1808
12099004402,949,1230
12119910401,130,924
12119910402,1140,503
45045000200,15,0
12107950100,673,976
49035102100,10,0
34003036200,15,0
12071020600,2781,1004
25015822402,25,0
12015020101,513,2620
12015020103,393,2010
12015020104,1530,767
37021001802,15,0
12031010900,193,991
12099004500,3145,2406
27123034201,4,0
26081011801,15,0
26081011803,10,0
26081011804,10,0
12119910500,1411,1363
42003409001,4,0
12107950201,325,944
12107950202,262,919
26055551100,20,0
28149950600,50,0
51013101705,15,0
42127960200,25,0
12071020700,500,1731
25025030302,25,0
12055980200,224,0
12015020203,474,1358
12015020204,574,1649
12015020205,199,1650
12015020206,420,1450
48339691700,20,0
34025810102,15,0
12031011000,603,1474
12099004601,1174,1519
12099004602,988,1329
55055100100,55,0
12119910601,614,1094
12119910602,185,498
34035050703,10,0
24031701205,94,0
12107950300,723,1744
13131950300,4,0
39035152605,15,0
51013101801,30,0
51013101805,29,0
48201312501,25,0
25025030400,25,0
12071020801,137,355
12071020802,429,520
17031801100,4,0
12015020301,4621,1959
12015020302,3014,1468
12015020303,1177,1986
42077006101,4,0
48339691802,10,0
12031011100,355,904
12099004702,1532,2050
12099004704,1528,1891
12099004705,428,1589
12099004706,1002,972
12119910701,218,634
12119910702,640,1167
36081117500,25,0
12107950400,119,706
13131950402,25,0
36085016901,15,0
4027001200,40,0
12015020401,1140,1054
12015020402,1235,2130
17031801200,15,0
12031011200,435,895
17097861507,15,0
12099004810,487,1797
33017080203,20,0
12099004813,814,2239
12099004815,1442,2533
12119910800,1117,395
12099004816,229,1035
12099004817,1814,966
12099004818,253,809
12099004819,864,1635
12099004820,120,1620
12099004821,1029,1360
12099004822,257,906
12099004823,259,1328
6097152402,4,0
24027605404,4,0
12107950500,468,1587
6077000102,19,0
36029016500,4,0
9003510200,10,0
12015020501,355,1583
12015020502,180,428
37021002204,25,0
34025810402,10,0
12031011300,328,1065
12099004902,3000,652
12099004903,475,1325
12099004904,856,2008
26081012203,10,0
36055001600,20,0
24027605505,15,0
24031701509,20,0
12107950600,1835,904
13131950600,14,0
6059076104,25,0
26055551500,10,0
19153005101,4,0
12015020601,453,1249
12015020602,795,1078
37021002306,4,0
34025810503,10,0
12031011400,243,376
12099005000,2217,1779
12119911000,78,8
48113003103,15,0
34003004002,10,0
12107950700,2453,806
13285960300,4,0
36029016700,4,0
12015020700,4080,1060
18005011102,4,0
42013010600,19,0
12031011500,458,922
12099005101,205,582
12099005102,252,1389
13153020600,159,0
29097011900,10,0
37063002037,19,0
12107950800,1262,772
24003980000,35,0
20173007600,4,0
12015020800,402,1936
17031801601,40,0
42003475200,10,0
17031801603,25,0
12031011600,1062,873
12099005202,1236,1719
12099005203,1156,885
12099005204,886,1500
34029710101,20,0
34029710102,10,0
12119911201,180,195
12119911202,469,250
12119911203,847,180
12119911204,649,940
12051000101,1318,1205
12051000102,1171,849
12119911205,1553,415
12119911206,860,325
12119911207,350,455
51199050500,10,0
12107950900,918,1710
15003003703,4,0
48167725900,10,0
29189221201,25,0
6067006300,4,0
12015020900,988,2645
36001000302,35,0
48339692402,235,0
12031011700,2137,844
12099005300,688,2063
25025981300,14,0
12119911301,1778,964
12119911302,381,280
12051000200,1025,2025
12107951000,562,1005
13285960600,65,0
41047010202,30,0
13121006500,10,0
6083980200,10,0
48201411503,4,0
48201411507,15,0
39035186103,10,0
47157980100,347,0
26163522500,10,0
17031801800,15,0
12015021001,200,694
12015021002,1014,948
12015021003,2912,878
48329010126,50,0
42077006800,10,0
41067031507,140,0
29189221332,40,0
12031011800,7577,808
12099005411,1032,912
12099005412,1611,849
12099005413,540,215
12119911401,300,700
12119911402,1713,1250
12051000300,1439,1984
12107951100,213,1020
36081019902,10,0
36085017600,10,0
6083980300,10,0
47157980200,15,0
48201542700,10,0
41007950900,10,0
42077006903,4,0
12031011901,4405,3034
12099005501,2283,1498
12031011903,1045,1892
12031011904,348,1755
12031011905,638,2351
12099005502,1204,2849
12119911500,487,506
25009204300,4,0
12051000401,309,1166
12051000403,1117,814
12051000404,1841,1338
24003751000,10,0
12107951200,318,877
51013102701,70,0
26111290500,4,0
17113001103,25,0
17113001108,25,0
12031012000,1873,1948
12099005601,773,1858
12099005602,733,760
13153021114,15,0
12107951300,330,961
13285960901,4,0
6077000900,30,0
13285960904,39,0
13063040202,15,0
6065040618,10,0
17031081201,4,0
8123002101,20,0
48201542902,10,0
29189221631,10,0
6041120002,4,0
12031012100,5281,589
12099005702,600,2323
12099005703,37,728
12099005704,74,468
17167002900,10,0
12119911702,818,354
12119911703,773,1160
12119911704,429,530
12051000601,460,158
12051000602,245,683
36061031703,10,0
24003751200,10,0
12107951401,689,820
12107951402,148,789
13063040302,15,0
6037482801,35,0
13063040308,34,0
13063040310,10,0
9007541600,4,0
12031012201,1068,1169
12031012202,960,2025
12099005807,1009,2135
12099005810,55,357
12099005811,310,1470
12099005812,753,2067
12099005813,492,2833
12099005814,367,1501
12099005815,690,1892
12099005818,2583,1475
12099005819,631,1232
12099005820,790,2667
12099005821,3834,1984
45045001600,45,0
12057980300,143,0
13063040410,119,0
37021003201,15,0
37021003203,10,0
39077916100,10,0
12031012300,785,1745
33017081300,14,0
55055101400,19,0
12099005916,757,2753
12099005917,779,1785
12099005918,1253,2019
12099005921,1633,3778
12099005922,703,1865
12099005923,547,648
9001020900,10,0
12099005926,643,1765
24031702502,4,0
24031702503,25,0
12099005930,463,1308
12099005931,1027,635
12099005933,20,335
12099005934,754,1580
12057980400,10,12
12099005936,1195,751
12099005937,396,317
12099005938,703,871
12099005939,280,215
12099005940,208,398
12099005942,1349,897
12099005943,0,250
12099005944,59,253
12099005945,501,894
12099005946,1143,4342
12099005947,679,605
51013103100,10,0
12099005949,698,920
12099005950,1247,1540
12099005951,55,1753
12099005952,140,150
12099005953,838,934
12099005954,205,1089
12099005955,627,1079
12099005957,1105,1440
12099005958,2791,489
12099005959,498,803
12099005960,458,2267
12099005961,1060,992
30029000201,4,0
17031081500,4,0
6067007011,10,0
41067032104,25,0
12031012400,892,1117
12075970101,174,715
12099006006,439,532
12099006007,1466,1222
12099006008,1225,766
12099006009,300,502
12099006010,650,1478
12099006011,763,1324
12099006012,4560,2084
12099006005,1777,1536
12075970103,328,886
12075970104,538,1128
28095950400,50,0
34003005000,10,0
12057980500,14,0
13121007200,4,0
12086980200,247,0
18097352300,4,0
17031081600,15,0
42013011600,10,0
12031012500,1965,1433
12099006100,1286,1569
36081086100,30,0
12075970200,1415,650
34035052204,35,0
24031702700,4,0
24027606708,19,0
12057980600,7456,0
34017980100,4,0
48027021000,10,0
12086980300,7647,1048
1015000800,40,0
17031081700,20,0
12099006201,832,2102
12099006202,868,1010
12099006203,915,636
12031012601,1033,1420
12031012602,822,2510
12075970301,20,208
12075970303,135,332
12075970304,234,498
26081013500,10,0
33017081600,10,0
55055101702,10,0
34035052300,4,0
36055002900,50,0
51059470100,25,0
6073003800,14,0
12057980700,75,0
8069001003,25,0
51013103404,10,0
51013103405,24,0
48201510701,59,0
8069001007,35,0
12086980400,1104,0
45043920702,4,0
17031081800,14,0
17031802702,10,0
48439111513,10,0
17097863003,10,0
17097863004,10,0
12099006301,429,1335
12099006302,2597,1064
12031012702,527,2174
12031012703,755,2753
12031012704,389,2413
12075970400,518,521
17097863005,4,0
42007605100,10,0
34035052400,4,0
36083052405,20,0
36083052407,4,0
55079186300,14,0
36081020800,20,0
26005032401,10,0
40143007630,15,0
12086980500,23730,111
45031010200,45,0
17097863100,10,0
12031012800,1352,2660
12099006401,853,962
12099006402,2189,1410
23005016002,20,0
12075970501,432,1300
12075970502,74,1185
1073000400,35,0
48201510902,30,0
12086980600,116,0
13205090300,4,0
17097863201,15,0
19113002900,65,0
12031012900,410,807
12099006501,1218,736
12099006502,5593,2042
50027966502,10,0
12075970600,1169,1177
34029711400,10,0
25001013300,30,0
39159050301,4,0
9001021502,10,0
36085018704,15,0
12086980700,1851,149
6065041500,70,0
13205090402,34,0
17031803005,10,0
17097863300,10,0
12031013000,518,925
12099006602,616,1476
12075970700,449,934
12099006604,545,1988
12099006606,1845,845
12099006607,1392,2262
45045002405,10,0
26149040300,70,0
42071011503,15,0
12011090102,4264,967
12011090103,1222,484
12011090104,610,1043
12133970102,60,507
12133970103,1716,854
12133970104,1137,679
24031703223,55,0
17031770300,18,0
13121007805,25,0
12086980800,2147,0
24033800411,10,0
12031013100,1409,1169
12099006700,1160,1266
17167003901,20,0
45045002503,35,0
18097320202,10,0
18097320205,4,0
15003005200,4,0
12011090200,617,1531
12133970200,104,469
17031770400,29,0
12086980900,45,0
29095014702,10,0
24033800507,15,0
12031013200,13964,325
12099006801,1965,2410
12099006802,717,1037
1073000800,15,0
34035052904,10,0
9001021802,45,0
39159050602,4,0
24031703403,30,0
55079186800,4,0
12011090301,825,1008
12133970301,180,628
12011090303,906,940
12011090304,1758,2655
12133970302,450,1134
12133970303,139,948
8001008000,10,0
8069001602,20,0
8005005702,25,0
12086981000,4623,0
12097040801,562,520
12097040805,2170,999
12097040806,3408,929
12097040807,9947,1880
12097040808,1248,2230
12097040809,2062,800
12097040810,1176,889
12097040811,1147,3050
12097040812,2232,2255
12031013301,798,1485
12031013302,278,2190
12099006906,3257,2683
12099006907,2103,1446
12099006908,1210,1500
12099006909,1439,918
12099006910,1325,722
12099006911,1718,1268
12099006912,1315,2181
9001021900,10,0
39159050701,50,0
39159050702,4,0
12011090401,989,1820
12011090403,994,1402
12011090404,938,1971
25017332202,4,0
17031770602,24,0
12086981100,6417,10
8069001714,15,0
26161984000,58,0
12097040901,1117,1761
12097040903,982,1219
12097040904,1325,1659
36047073800,10,0
17097863702,10,0
12031013402,829,1959
12031013403,1064,1542
12031013404,530,1146
12099007005,1267,942
12099007006,1962,1449
12099007007,1312,1477
12099007008,2187,1970
12099007009,4232,1313
12099007010,462,471
12099007011,841,589
12099007012,23344,918
12099007013,4285,2100
45045002812,10,0
45045002819,4,0
12011090502,1909,2963
12011090503,1411,906
12011090504,1724,1058
13121008202,40,0
17031770700,70,0
12086981200,530,0
26105950800,25,0
13255160402,20,0
39113110100,69,0
12097041003,1641,2384
12097041004,1906,2460
12097041005,590,514
12097041006,1167,2278
12099007100,6341,682
12031013502,305,1192
12031013504,828,2184
12031013522,1605,2216
12031013523,1208,2129
12031013524,2836,2221
12031013525,997,1452
12031013526,1163,3928
48029151900,25,0
36055003806,35,0
29099700900,45,0
12011090601,654,946
12011090602,2620,3524
31109001900,4,0
25017332401,10,0
12086981300,715,60
9015800501,4,0
6037910218,4,0
12097041101,704,3570
12097041102,44,3720
12099007202,3440,1904
12099007204,1043,1145
12099007205,3588,1284
12099007206,185,972
12099007207,249,870
12099007208,119,753
27123036900,60,0
26145010404,10,0
34035053300,10,0
12011090700,3065,3348
12099007301,2920,2168
12099007302,4540,2693
26081014605,15,0
12031013723,1634,4279
9001022300,19,0
12031013728,680,2486
12031013729,184,1970
12031013730,374,1915
12031013731,179,1492
12031013732,1876,2729
12031013733,544,2246
18097320800,45,0
51059471201,10,0
29099701101,15,0
12011090801,1284,1462
12011090802,1783,1540
41051009906,15,0
45015020406,10,0
18097353600,50,0
51740980100,75,0
36081152901,20,0
26163524500,25,0
12097041301,829,2534
12097041302,2253,2810
12031013800,6190,1023
12099007407,354,637
12099007410,1182,626
12099007412,475,499
12099007414,383,480
12099007420,877,1030
12099007421,1126,1145
55059002300,4,0
34035053501,30,0
24031704000,40,0
51059471301,10,0
12011090900,5258,2216
45015020506,50,0
13255160800,95,0
12086490100,644,624
36061000700,20,0
12099007501,4818,1464
12031013901,3650,2148
12031013902,1958,2603
12099007504,1828,1271
12099007505,5600,1469
12031013904,609,2119
12031013905,1092,1933
12031013906,1239,1902
25011041302,40,0
26081014811,15,0
34035053604,15,0
12011091000,3880,1825
50025968700,45,0
17031050300,4,0
29095015500,20,0
24033801305,10,0
12097041501,1663,1680
12097041502,1000,4140
12031014001,2321,2364
12031014002,637,1405
12099007603,1529,763
12099007604,928,3220
12099007605,628,1845
13121010006,25,0
12099007610,2328,1548
12099007612,766,2130
12099007613,450,1484
12099007614,968,1606
12099007615,479,1623
12099007616,931,987
12099007619,1673,368
12099007620,3079,880
12099007621,583,685
12099007622,9404,1085
12099007623,1626,1236
12099007624,444,718
25017300100,10,0
45045003401,10,0
54039000200,15,0
25027753100,15,0
18097321100,25,0
41051010200,10,0
12011091100,2012,2433
45015020719,15,0
24033801404,40,0
26103002300,35,0
12097041600,8734,1412
24033801411,4,0
55005000900,10,0
36061000900,49,0
28045030606,20,0
17097864403,20,0
12031014101,1619,2290
12031014103,1014,1458
12031014104,2181,844
12099007705,2332,1557
17097864408,10,0
23005017305,15,0
23005017308,15,0
12099007710,1002,2921
12099007716,2412,2068
12099007721,941,1836
12099007723,229,1054
12099007724,1183,2515
12099007725,969,2389
34035053805,10,0
55059002605,20,0
40143009008,15,0
12099007730,1725,2650
12099007731,1070,2529
12099007732,1171,2897
12099007735,784,2600
12099007736,813,1666
34033022201,10,0
12099007738,229,1746
12099007739,279,1408
12099007740,4026,2345
12099007741,1306,1944
12099007742,414,1534
12099007743,1245,1988
42071012602,20,0
12011091201,558,2288
12011091202,223,1902
12099007746,100,245
12099007747,353,420
12099007748,1349,2357
12099007749,1486,2705
12099007750,1192,1746
12099007751,633,1656
12099007752,6093,2595
12099007754,619,935
13121008903,30,0
13121008905,4,0
12099007757,767,1288
12099007758,864,2475
12099007759,1398,508
44007011600,10,0
12099007763,3179,3209
12099007764,1282,712
29095015701,10,0
12099007766,190,1731
12099007767,735,1304
12099007768,544,600
12099007769,119,255
12099007770,514,1350
12099007771,785,1564
12099007772,2358,1849
12099007773,1022,2165
12099007774,3468,1875
12099007775,1479,2457
12099007776,418,630
12099007777,849,2226
12099007778,1806,2972
12099007779,427,1150
12097041700,3590,1896
12099007780,254,651
48439113007,10,0
12031014203,3707,2254
12031014204,3055,3095
12099007805,1119,3248
12031014205,1911,1542
12031014206,593,589
17097864513,55,0
12099007812,2055,2550
12099007813,2961,3330
12099007814,434,665
17097864516,10,0
12099007818,2877,485
12099007820,235,1303
12099007821,255,966
12099007823,1067,1621
53055960400,25,0
36119000401,30,0
12099007830,1931,1227
12099007831,1248,1190
12099007832,1532,1119
12099007833,3289,1996
12099007834,159,360
12099007835,1567,2341
12099007837,1282,2744
12099007838,719,4037
42071012702,15,0
12099007840,150,713
12099007841,1332,2700
12099007842,1285,875
12099007843,3700,2430
12011091300,479,1611
12099007844,2037,1599
12099007845,310,1304
12099007846,71,255
12099007847,3026,3177
12099007848,493,1547
12099007849,84,165
12099007850,315,237
12099007851,694,1327
12099007853,375,1061
12099007852,218,0
8005006712,15,0
29095015800,10,0
12097041800,1179,1122
6067008908,4,0
12095010201,3130,1069
12095010202,2777,2084
12099007909,781,1497
12031014311,1274,1575
12031014312,1417,2973
12099007913,274,1160
12099007914,666,2050
12099007915,125,610
12099007916,465,1818
12099007917,3596,2055
12099007918,235,1186
12099007919,350,2264
10003002800,15,0
54039000500,95,0
12127090101,1496,1724
12127090102,561,1005
47093003700,10,0
12031014328,2505,2958
12031014329,949,1375
12031014330,690,1899
12031014331,1483,1678
36005033400,55,0
12031014333,619,1652
12031014334,390,2172
12031014335,653,4312
12031014336,1091,3070
23009965504,4,0
12031014338,661,2092
12031014339,1226,2081
12031014340,1827,2766
12031014341,473,1545
12031014342,592,2294
12031014343,614,3122
12031014344,293,1504
12011091400,1908,2164
18097354201,10,0
39071954400,10,0
17031280100,30,0
12097041900,614,2661
42003281400,15,0
48439113210,20,0
12095010300,1329,1460
12099008001,438,528
12099008002,703,822
12031014408,708,1752
8005006859,4,0
12031014413,6135,2105
12031014414,7654,2949
12031014415,6874,2324
12031014416,1270,3069
12031014417,14591,3805
12031014418,535,604
12031014419,1016,2720
12031014420,514,2145
12031014421,1890,2520
12031014422,9661,1160
12031014423,12238,4805
12031014424,2164,2780
12031014425,589,1619
12031014426,404,2335
12031014427,1325,1004
12031014428,8764,2580
12127090202,2797,2325
12127090203,616,1478
12127090204,1223,3440
34003007002,20,0
25017352300,25,0
41051010602,4,0
12011091500,429,2046
8069002801,20,0
13121009202,8,0
12097042000,2223,3821
36061001300,60,0
17031804505,4,0
12095010400,90,244
17097864801,54,0
17097864802,10,0
17031804512,10,0
12031014500,2415,1672
12099008101,2247,1438
48029120100,25,0
12099008102,149,0
25001014900,4,0
31153010302,40,0
12127090303,4321,883
12127090304,1624,2037
12127090305,780,1503
12127090306,1883,2895
12127090307,2323,2453
38035011201,25,0
39035156101,4,0
12011091601,711,1269
12011091602,1429,924
25017333400,4,0
44007012000,4,0
12097042100,2792,3655
17031804603,30,0
17031804608,14,0
42077009601,30,0
12095010500,1435,68
12099008201,118,1065
12031014601,650,1944
12099008203,1612,1162
12031014603,1050,2128
12031014604,5204,2859
12099008202,380,585
5115950800,10,0
25001015001,15,0
12127090401,1010,1346
12127090402,1679,719
24031704803,4,0
21089040100,109,0
53033023202,30,0
42071013101,15,0
39003010802,4,0
12011091701,710,1688
12011091702,3159,2102
34003040002,15,0
12009060103,373,800
12009060104,115,407
12009060105,667,1009
12009060106,60,578
12097042201,1921,2288
12097042202,2955,1640
36061001501,14,0
17031804701,4,0
36061001502,4,0
42077009700,4,0
17031804714,4,0
6081984300,35,0
12099008301,120,628
12099008302,930,821
12031014702,240,864
12031014703,65,809
12031014704,284,3003
12127090500,4735,522
54039000900,50,0
42071013203,15,0
17099962200,4,0
12011091802,1674,1279
12011091803,185,1776
12011091804,884,1012
42101028700,4,0
13121009501,20,0
25017333601,4,0
48027023202,55,0
24510150500,4,0
12009060201,110,973
12009060202,180,1030
39035189111,30,0
12097042300,4152,2595
17031804803,15,0
38089963400,15,0
48201250701,25,0
12031014800,1512,2408
28121020304,15,0
1073002401,40,0
1073002402,65,0
54003972003,10,0
12127090600,916,2209
24031705000,10,0
24005490605,25,0
12071090100,847,200
12011091901,719,2056
12011091903,2717,1179
12011091904,414,745
9015900100,4,0
31153010629,125,0
13121009606,44,0
31153010632,70,0
31153010635,20,0
12009060301,165,1100
12009060302,490,858
53073000401,15,0
12097042400,1315,3194
12119980000,4,0
28121020401,25,0
12095010802,1284,2331
48439113716,4,0
12031014901,1057,2771
12031014902,642,3693
12127090701,1113,1650
12127090702,2417,2119
36085020702,15,0
12011092000,580,1659
13121009700,10,0
31109003301,30,0
31109003302,75,0
42043022300,4,0
12009060400,3204,1404
37097060400,10,0
1003010100,10,0
12097042500,1067,2950
12119980100,601,0
12031015001,810,2067
12031015002,697,1602
5115951201,125,0
51117930600,10,0
18063210609,15,0
12127090803,1408,2685
12127090804,1251,2420
12127090806,3674,1654
12127090807,1114,1470
12127090808,682,933
51061930102,10,0
38035011702,35,0
12009060500,800,1955
1003010200,10,0
12057000101,4258,1705
12057000102,3551,1685
12097042601,275,1580
12097042603,1485,3703
12097042604,505,2199
17031805111,60,0
12095011000,1605,1815
17097865400,10,0
29145020601,4,0
12031015100,674,1847
1073002701,20,0
1073002702,15,0
12127090903,1012,1865
12127090904,1499,2702
12127090905,4048,3549
12127090906,581,1550
36113070300,14,0
42101029100,10,0
12009060600,1602,2365
37097060603,4,0
36081056000,10,0
51179010305,10,0
12057000201,653,1248
12057000202,1141,1599
12097042701,215,4085
12097042702,249,4212
12095011100,570,2106
48439114013,10,0
12031015200,570,1544
12127091001,1506,2282
12127091005,393,856
53033023807,25,0
42003020100,54,0
12127091015,587,2068
12127091016,180,2251
12127091017,373,1830
12127091018,2395,2655
12127091019,618,2448
12127091020,444,2968
12127091021,234,951
12127091023,95,1112
12127091025,489,1721
12127091028,323,1719
12127091029,399,1953
12127091030,194,719
12127091031,1052,2017
12127091032,985,1357
12127091033,404,1154
12127091034,998,1578
12127091035,284,1447
12009060700,627,772
12127091036,568,1267
12127091037,474,1317
12127091038,180,1825
12127091039,90,1165
37097060703,10,0
1003010400,105,0
51179010404,55,0
40109980008,20,0
12057000301,468,1470
12057000302,244,1215
36039080301,15,0
12097042800,1038,5535
48453040500,10,0
36061002100,15,0
38089963900,45,0
26051000700,10,0
12095011200,922,1887
12031015300,624,1269
42029300101,30,0
42029300106,40,0
42029300107,34,0
17031838100,55,0
47157000600,20,0
42003413400,20,0
24031705501,4,0
36113070500,20,0
15003007400,10,0
1003010500,140,0
13121010121,45,0
18015959500,10,0
13121010126,45,0
12057000401,1732,957
12057000402,1786,1173
26163526100,15,0
12097042901,2835,2379
12097042902,1349,1810
12097042903,485,1393
12097042904,439,2820
12097042905,997,1115
36039080404,10,0
12095011300,2172,2714
12073000904,1697,2443
12031015400,1557,941
48029121000,15,0
12086000107,920,1178
12086000109,3727,1110
12086000115,454,893
12086000118,577,338
12086000120,1075,2032
12086000121,312,485
12086000122,835,2010
12086000123,1686,1254
12086000124,1615,990
12086000125,578,1355
12086000126,1227,444
12086000127,240,924
12086000128,1472,1334
12086000129,635,559
12086000130,942,802
12086000131,756,1544
12086000132,1413,1938
36119001600,30,0
12086000134,11347,1044
12086000140,1621,1630
12086000141,3052,741
12086000142,396,1569
12086000143,654,1120
12086000144,209,530
12086000145,1485,1249
12086000146,736,1434
42003020300,10,0
39107967500,10,0
13121010204,55,0
6037267201,25,0
40047000101,10,0
13121010215,4,0
13121010220,20,0
13121010223,4,0
12057000500,870,1703
17199020600,15,0
36101962301,10,0
17097865801,10,0
12086000204,2738,1365
12031015501,865,1895
12031015502,575,1384
12086000206,2107,1909
12086000211,705,874
12086000212,852,1271
12086000213,503,1559
12086000215,419,1477
12086000216,468,1405
12086000218,173,1085
12086000219,2563,1655
12086000220,1004,1903
12086000221,409,920
12086000222,1543,1579
12086000223,402,1060
12086000224,1188,1620
12086000225,1796,1688
12086000226,408,605
12086000227,183,1066
12086000228,134,921
25017334400,125,0
13121010312,25,0
12009061001,802,2260
12009061002,390,1500
13121010313,10,0
19095960200,105,0
1003010704,20,0
1003010708,60,0
1003010710,105,0
12057000601,535,2494
12057000602,1195,971
12097043100,169,1726
26163526300,10,0
12086000302,304,708
12031015600,1054,2182
48397040305,54,0
12086000306,876,1480
12086000307,170,1411
12086000308,1067,1919
12086000309,577,1300
12086000310,463,1195
12086000311,534,1065
12086000312,913,930
18069961400,4,0
48113007301,10,0
24510020300,23,0
12009061100,1951,2256
1113030601,25,0
1113030602,10,0
6001441525,10,0
12057000701,392,861
12057000702,130,756
12097043203,4897,1393
12097043205,450,525
21113060102,15,0
12097043207,1228,3799
12097043208,1151,4084
12001000201,2603,2150
12001000202,1210,1381
12097043209,308,919
8059009807,35,0
12095011600,1861,1189
12086000402,625,1224
12031015701,2271,513
12031015702,1577,1306
12086000405,343,1140
12086000408,1172,1810
12086000409,1310,1125
12086000410,458,1412
12086000411,529,1865
6037650200,15,0
12086000413,879,1476
12086000414,2882,1347
12086000415,174,800
12086000416,549,1194
12086000417,875,1385
12086000418,219,1028
12086000419,108,900
12086000420,781,942
1073003300,24,0
12115000102,9287,1173
12115000103,3945,889
12115000104,2164,398
26099268400,45,0
37055970101,10,0
22019980100,35,0
12009061201,1563,3102
12009061202,4977,1345
1003010904,164,0
1003010908,20,0
12057000800,629,1368
13121010529,10,0
42101980003,15,0
12097043301,707,1044
12097043303,1467,3533
12097043304,640,2620
12001000301,3176,2129
12001000302,2252,957
55009000302,10,0
55031020400,25,0
12095011701,544,1384
12095011702,268,924
51059440503,25,0
12086000504,1072,1643
12086000505,4313,1698
12086000506,190,998
12031015803,355,1440
12031015804,647,1873
12031015805,1029,2305
12031015806,395,1353
12086000507,3896,1035
12086000508,4775,1135
12086000509,485,805
18069961600,10,0
12115000200,3633,1217
12011060105,1330,2868
12011060107,184,2012
12011060109,543,1812
12011060111,4446,3150
12011060113,4530,2854
12011060114,1052,3054
12011060115,1945,2995
12011060116,1419,3003
12011060117,1973,3200
12011060118,305,2912
12011060119,330,3298
12011060120,18240,3155
12011060121,1957,2058
12011060122,798,2845
12011060123,344,1462
12011060124,243,1915
12011060125,2743,950
12011060126,1370,2314
12011060127,482,1606
12011060128,615,2748
12011060129,1053,925
12011060130,578,2584
39107967900,10,0
42125704100,15,0
13047030402,15,0
40131050407,34,0
4013111800,14,0
39151713202,15,0
9003416500,15,0
1003011000,10,0
12057000901,527,845
12057000902,204,1473
12097043400,1007,1840
17199021001,20,0
17031805902,4,0
12001000400,2896,1940
56033000400,15,0
17097866200,29,0
12086000601,397,1273
12086000602,579,1714
12086000603,1412,1872
12086000605,3057,1491
12086000607,658,1246
12086000609,1185,814
12086000610,489,1149
12086000611,843,897
12086000612,578,1126
6001409000,25,0
12011060203,457,2440
12115000300,664,879
12011060206,966,2043
12011060207,779,1160
12011060208,280,2413
12011060209,378,909
12011060210,315,1364
12011060211,489,1309
12011060212,209,1340
12031015922,7394,1964
12011060214,105,845
12011060215,19,405
12031015924,5685,1676
12031015925,827,2635
12031015926,6619,4713
12031015927,1176,680
12031015928,349,1119
12031015929,2836,2439
26163985400,149,0
6077004800,35,0
36081024000,25,0
39157021700,15,0
36057070600,10,0
1003011104,20,0
12057001001,2210,1433
12057001002,904,1532
36039081001,10,0
12097043500,987,1925
17113005102,10,0
17031806002,30,0
12001000500,6709,2795
9001090100,10,0
12086000705,4420,1262
12031016001,4564,1280
12031016002,2328,968
18059410500,4,0
12086000710,728,1573
12086000711,2191,1911
12086000712,889,764
12086000713,751,934
12086000714,1030,1279
12086000715,628,1124
12086000716,389,777
12086000717,290,785
12086000718,3175,2020
12086000719,889,374
12086000720,448,1163
12115000401,1716,1563
12011060302,473,2627
12011060303,767,2344
12115000404,204,284
12115000405,476,1118
12115000406,1513,1325
12011060304,210,1025
12011060305,269,916
12011060306,433,848
12115000407,1174,1946
25025100900,4,0
51610500200,45,0
40131050601,30,0
36007001200,40,0
13121010801,259,0
12017450103,594,605
12017450104,505,905
12017450105,64,600
12017450106,220,685
39151713401,10,0
1003011201,20,0
1003011202,140,0
12057001100,490,1101
42101980300,130,0
12097043600,435,3360
21113060502,4,0
12001000600,1172,1626
6083001500,35,0
12095012000,334,2833
12086000804,818,1217
12031016101,1289,2005
12031016102,1537,1433
12086000805,1704,1939
12086000806,2278,1143
12086000807,249,1402
12086000808,635,1464
48029121702,30,0
12011060401,299,1156
12011060402,354,2615
12011060404,371,399
12011060405,282,1239
12115000501,5946,455
12115000503,751,1114
12115000502,1957,1217
4013112510,55,0
4013112514,25,0
48113007828,25,0
12017450201,200,994
12017450202,340,1919
6037191901,10,0
24510250206,10,0
17031281900,4,0
12057001200,524,1376
42101980400,430,0
12097043700,1346,3549
5005950200,25,0
12001000700,1689,2659
24033803519,4,0
12095012100,1108,2809
12086000903,3470,1055
12031016200,1577,997
12086000904,1356,739
12086000905,198,1015
12086000906,80,530
12086000907,280,578
12086000908,284,1100
12011060501,3529,3025
19113000213,4,0
12011060503,1001,2438
12011060504,1005,2191
12011060505,3161,2103
12115000601,870,949
12115000602,1887,1644
13139000602,35,0
25003900200,10,0
48113007913,15,0
12017450305,2479,874
12017450306,2000,733
12017450307,1309,1120
12017450308,479,1930
12017450309,375,1920
12017450310,430,1020
1003011410,20,0
1003011411,20,0
12057001300,1905,2559
1003011412,10,0
1003011413,30,0
1003011415,315,0
1003011414,85,0
12097043801,499,1839
12097043802,539,1195
1003011417,54,0
1003011418,477,0
1003011419,109,0
5005950300,50,0
1045020000,20,0
9009184101,4,0
12001000806,723,1239
12001000808,1008,1918
12095012201,924,1917
12095012202,588,2454
12001000809,7376,573
12031016300,2587,609
12086001003,847,2211
12086001004,903,1904
12086001005,1629,430
12086001006,414,1473
12086001007,120,720
12086001008,477,1069
48029121906,4,0
12011060603,663,2120
12115000700,2410,574
12011060605,3335,1643
12011060606,2745,2054
12011060607,303,1329
12011060608,1749,3453
12011060609,1095,1653
17031839100,187,0
19139050900,20,0
6077005214,4,0
12017450401,434,879
12017450402,419,1415
18097356200,4,0
1003011501,62,0
1003011503,54,0
12057001400,965,2010
42101980600,15,0
12001000901,1276,748
12001000902,19623,932
34017000902,10,0
12086001101,776,1867
12086001102,1304,1778
12086001103,588,1914
12031016400,1747,2465
12086001104,1433,2188
12095012303,234,3033
12095012304,540,3063
12095012305,574,2970
12095012306,673,1388
12095012307,1035,2355
36103110101,4,0
12011060700,477,1431
12115000801,677,352
12115000802,943,324
40143011300,50,0
12017450501,1403,585
12017450502,1184,790
44007013900,10,0
1003011601,44,0
1003011603,15,0
1003011604,25,0
27067781200,15,0
12057001500,666,1244
19153010205,10,0
48453041700,10,0
19153010214,25,0
17031806502,10,0
12001001000,2138,1944
25017368102,30,0
12095012402,1031,2320
12095012403,7413,2429
12095012404,543,1838
12095012405,304,2729
12031016500,1270,2544
12086001204,1377,2152
12086001205,1934,1315
12086001206,1174,1895
12086001207,89,544
12086001208,1373,849
12086001209,793,1313
12011060801,341,639
12011060802,1994,2329
12115000900,1265,963
12017450601,1324,1545
12017450602,2402,1319
13121011306,10,0
42091200106,15,0
55121100400,4,0
12057001600,721,896
37113970304,4,0
17031806600,40,0
36061003400,10,0
12001001100,3790,3285
12095012500,1077,1196
12086001301,1639,2080
12086001302,2272,2804
12031016603,1059,1918
12031016604,405,1896
12031016605,13698,1113
12031016606,1120,1438
12011060900,252,1759
26163560100,10,0
12115001000,620,1154
24045010606,10,0
29510123200,10,0
15003008706,10,0
42101030600,10,0
12017450703,845,749
12017450704,868,939
12017450705,1524,1160
12017450706,1329,695
44007014100,15,0
12009062106,939,1067
12009062108,784,3254
12009062109,1008,1678
12009062110,190,1703
12009062111,60,1319
12009062112,463,460
12009062113,1433,2555
12009062114,252,630
12009062115,20,735
12057001700,1701,2138
42101980901,60,0
13121011428,115,0
13121011434,28,0
25017368300,10,0
12001001201,845,1392
12001001202,916,4633
12001001203,1470,2038
12095012600,2449,2904
12086001401,441,1520
12086001402,3872,2360
48201252602,75,0
12031016711,2559,2059
12011061001,1578,3079
12011061003,374,1356
12011061004,10033,3014
12115001101,4381,1112
12115001102,446,1440
13139001101,4,0
12031016724,875,2507
12031016725,6258,2076
12031016726,2063,1606
12031016727,1144,1183
12031016728,2499,2457
12031016729,898,2818
12031016730,830,1484
12031016731,1913,1883
12127092500,6062,2775
37147000605,15,0
12017450800,454,1123
55121100600,15,0
47187050303,10,0
47187050304,50,0
47187050307,20,0
37113970501,4,0
37113970502,10,0
12057001800,1093,1637
36061003601,20,0
48491020117,4,0
12086001501,163,734
12086001502,1171,893
12095012701,2135,2830
12031016801,1574,1095
34031124321,14,0
12031016803,2256,2780
12031016804,2417,3650
6083002209,4,0
12031016807,1110,1901
12031016808,1347,1849
12031016809,1018,2232
12031016810,1358,1377
12031016811,470,2360
12011061100,1335,3582
12031016812,1289,1768
12031016813,780,4049
34029715304,35,0
12115001202,488,1485
12115001203,723,1155
12115001204,2911,1451
12115001205,1112,1745
12115001206,309,1168
51107610506,25,0
36085022602,10,0
12017450901,369,659
12017450902,2573,775
13121011612,10,0
12009062301,1076,1569
12009062302,968,1639
37151031200,20,0
13121011618,90,0
12057001900,1192,680
34031124402,14,0
36061003700,10,0
13121011639,35,0
12001001400,1123,1220
13121011640,10,0
13121011643,20,0
9009184700,10,0
13121011646,20,0
13121011647,19,0
12095012800,11204,1661
13121011649,4,0
12086001603,837,932
13121011652,20,0
12086001605,1245,1104
12086001606,1037,1233
12086001607,1443,1530
12086001608,491,1354
12115001301,1847,1261
12115001302,4223,1690
12115001303,1371,1307
12115001304,159,697
1073004502,50,0
13139001302,10,0
12017451001,1881,815
12017451002,290,1017
42091200507,50,0
12009062401,939,610
12009062402,675,2360
12057002000,767,899
19153010707,25,0
48491020310,10,0
12095012900,4431,2190
12086001701,4141,1600
12086001702,210,1370
12086001704,1625,634
12086001705,1509,668
12001001514,1236,987
12001001515,794,2330
12001001516,85,1327
12001001517,671,2760
19113001005,95,0
12001001519,2326,1051
51700031500,25,0
12001001522,4557,2903
12115001402,420,1959
12115001403,1150,2457
12115001404,4679,1810
12115001405,1083,1030
36047011901,10,0
48491020352,35,0
21111980100,74,0
51107610702,10,0
36047044700,40,0
12017451101,150,741
12017451103,94,880
12017451104,824,859
12009980000,3805,0
34003042400,15,0
39151714400,45,0
12009062500,2196,1216
47187050604,10,0
12057002100,657,1685
23031005301,10,0
19153010804,15,0
36061003900,4,0
17163501700,10,0
12001001605,5030,4792
12086001801,714,1163
12086001802,3122,1178
12086001803,443,1064
12031017101,5564,2531
12031017102,9815,953
12115001503,320,1342
12115001504,779,1090
12115001505,2654,1530
12115001508,455,835
12115001509,1490,1064
12115001510,1255,1560
12115001511,478,795
6073008312,40,0
13121011901,113,0
13121011902,15,0
12017451200,494,1023
34003042500,10,0
6073008324,4,0
12009062600,1565,1005
6073008339,10,0
12057002200,1142,885
6073008346,24,0
6073008350,55,0
12001001701,3580,2463
12001001702,6406,2020
12086001901,892,1411
12086001903,254,1073
12031017200,21841,1085
12086001904,797,1157
6073008373,4,0
36103110902,10,0
27123040503,4,0
36103110901,10,0
1073004800,20,0
12115001601,626,1266
12115001602,723,1406
13139001607,10,0
13139001611,35,0
51107610900,70,0
48355000602,15,0
12017451300,120,888
36047044902,15,0
39023001900,20,0
37129011503,75,0
47187050802,10,0
12057002300,858,1559
34017001800,20,0
55009001801,15,0
12001001802,1950,988
12001001803,972,2765
12095013201,1387,1823
12086002001,838,1080
12095013202,1449,2357
12001001811,3269,3444
12031017300,4996,2739
12001001813,1171,1918
12086002003,503,517
12001001815,364,879
12001001816,1506,1791
12001001817,1919,2214
12001001818,763,2013
12001001819,2974,1554
12086002004,576,850
42029302103,10,0
42029302104,10,0
27123040606,20,0
12115001702,3058,2410
12115001703,1106,1192
12115001704,856,1183
4013113702,15,0
36005036400,4,0
48157671800,45,0
53035090300,15,0
51107611015,14,0
12017451400,2727,1727
51107611020,20,0
12009062800,3926,1470
27141030302,20,0
12057002400,1657,1962
12001001902,2579,1355
1045021102,4,0
17031610800,10,0
12001001907,549,915
12001001908,1632,1802
12086002100,2436,1433
12095013300,1268,2900
42081010100,20,0
12031017400,2770,820
42029302203,20,0
42029302204,10,0
42125771200,50,0
4013113800,20,0
12115001801,2208,1112
12115001803,438,937
12115001804,1125,879
12115001805,427,508
2020000206,10,0
1069040100,10,0
12017451501,1439,890
12017451502,630,1510
42091201005,10,0
12009062900,798,1945
47187051001,10,0
12057002500,8341,3020
36061004300,10,0
12001002001,168,450
12001002002,606,1103
55009002003,10,0
12086002201,4458,1377
12086002202,959,1549
12095013402,365,1138
12095013403,437,1612
12095013405,25,646
12095013406,519,1582
22051029100,30,0
31055004200,10,0
12115001903,288,541
12115001904,1140,1005
12115001905,318,105
12115001909,780,406
47149040200,4,0
1069040204,98,0
1069040205,10,0
1069040206,20,0
12017451603,79,505
12017451604,160,575
12017451605,293,639
12017451606,757,985
12009063000,575,1971
12057002600,14719,448
12001002101,1032,901
12001002102,80,279
12086002300,674,1305
12095013503,175,1045
12095013505,298,2138
12095013507,9549,3639
12071060101,908,219
12071060102,1766,800
12095013510,160,1061
12095013511,484,1957
12095013512,781,1905
12095013513,662,1654
55079060101,15,0
22071001736,15,0
27123040901,10,0
12115002003,1192,2064
12115002004,2718,1684
12115002007,378,696
12115002008,1151,952
22071001751,19,0
48113009303,20,0
12115002011,420,420
12115002012,1277,826
12115002013,2223,789
12115002014,439,1355
12115002015,1770,615
12115002016,2504,1539
39089750700,10,0
1069040301,84,0
1069040302,4,0
42129801901,10,0
12017451701,390,434
12017451702,1410,480
47149040312,35,0
12009063102,2925,3490
12009063104,3186,1960
12009063105,2157,4500
12009063106,1072,2128
12009063108,949,2105
12009063109,3369,2044
47187051204,10,0
12057002701,3634,1965
12057002702,876,1425
51075400400,4,0
36061004500,10,0
1045021400,15,0
12001002201,1091,2437
12001002202,2841,2343
12001002204,2752,5434
12001002207,1460,1989
12001002208,307,1304
12001002209,1182,3812
12001002210,1375,1636
12086002402,2933,1975
12086002403,1176,1221
12086002404,808,1285
12095013603,1873,2164
12095013604,1103,2637
12095013605,1030,1576
12001002217,900,2239
12001002218,259,802
12001002219,2143,2949
12001002220,1142,1022
12001002221,781,2635
12001002222,1235,3340
12095013606,3605,1563
12095013607,679,2208
12071060203,430,359
12071060201,204,201
12071060202,418,181
26125157100,4,0
12115002101,906,914
12115002102,632,718
1069040400,10,0
12057002800,658,1798
12086002501,340,1448
12086002502,997,903
12095013701,383,1758
12095013702,1288,2235
18097390407,15,0
18097390405,45,0
12071060300,409,190
6019005514,10,0
12115002201,353,748
12115002203,1148,1404
12115002204,355,913
12115002205,886,804
6037980013,50,0
6037980016,10,0
1069040500,8,0
6037980028,158,0
6037980030,4,0
24033805201,4,0
12057002900,355,769
48201450402,10,0
12045960101,390,864
12045960102,310,473
12086002600,4749,2894
12095013801,853,1403
12095013802,305,1149
12095013803,174,1347
12115002302,982,960
12115002304,905,563
12115002305,1168,290
12115002306,354,515
12115002307,344,125
36059300800,20,0
48113009604,10,0
1069040600,39,0
12089050102,1402,884
12089050103,1373,1255
12057003000,564,895
12089050104,1239,1184
34001011704,25,0
34013004802,113,0
12045960200,1035,1124
12005000201,1218,1783
18097390602,15,0
12005000203,487,910
12005000204,1165,1184
12095013900,3216,2064
12086002702,5500,2067
12086002705,1066,2338
42029302802,4,0
12086002707,548,1145
12086002708,717,1415
12086002709,1218,2951
12086002710,1765,543
42021012500,10,0
27123041302,25,0
25025070104,35,0
25025070102,15,0
39055311900,10,0
12115002401,2654,958
12115002403,601,393
12115002404,2028,646
48113009701,10,0
36035970100,50,0
47149040702,10,0
45063980100,10,0
12089050201,659,365
48491021402,10,0
12089050203,1138,1030
12057003100,777,771
12089050204,1319,1313
12089050205,744,1335
6071010402,30,0
36061004900,24,0
17031808100,35,0
12005000301,130,970
12005000302,1122,2174
12045960301,364,348
12045960302,774,955
12086002800,4154,415
12095014000,2346,2954
25023530100,20,0
42029302902,50,0
39055312000,4,0
1073005701,4,0
12115002504,160,1045
12115002505,1197,938
12115002507,921,2389
12115002508,548,926
12115002509,1158,2262
12115002510,1922,1336
12115002511,498,1000
42129802400,15,0
1069040801,4,0
1069040802,28,0
12057003200,276,733
12089050304,529,1679
12089050305,622,435
12089050306,1132,2690
12089050307,545,1373
12089050308,598,1870
12089050309,320,1330
12089050310,783,1715
28105950401,4,0
12005000401,90,644
12005000402,741,2325
18097390802,15,0
12086002900,2196,1439
12095014100,2741,2469
18097390801,35,0
25025070302,10,0
12011980000,160,0
26163561700,4,0
12115002601,249,788
12115002602,189,559
12115002603,395,643
12115002604,598,434
12115002605,612,480
36047013100,4,0
6073009400,15,0
25017337101,10,0
12089050401,340,919
12089050402,372,664
12089050403,248,1238
12057003300,355,544
12005000500,1932,2780
48201450804,4,0
12086003001,15903,864
12095014201,1778,1565
12095014202,7516,1055
12086003004,11371,1275
12086003005,226,400
12086003006,538,1415
25025070402,20,0
28047000900,20,0
31055005000,10,0
6037554511,4,0
48113010001,20,0
12115002710,1306,563
12115002714,685,1259
12115002716,2072,2003
12115002720,404,857
12115002721,814,1337
13313000801,10,0
12115002723,304,533
12115002724,70,165
12115002725,4828,2269
12115002726,3730,1345
12115002727,498,379
12115002728,1127,745
12115002729,1373,284
12115002730,1421,600
12115002731,963,830
12115002732,1301,915
12115002733,1044,594
12115002734,1220,2024
12115002735,140,232
12115002736,718,905
12115002737,1587,1343
12115002738,598,1880
12115002739,629,1484
12115002740,383,2452
12115002741,938,1360
12115002742,1052,2220
12115002743,29,1515
12115002744,350,1265
12115002745,234,1810
12115002746,315,1835
12115002747,185,755
12115002748,278,1395
19113010500,10,0
6037620102,30,0
12057003400,643,555
12089050504,294,1348
12089050505,338,1280
12089050506,215,1469
12089050507,195,508
12089050508,180,660
12089050509,814,751
48201450900,10,0
12005000600,697,397
18097391001,15,0
12086003100,1084,1338
12095014301,1127,1895
12095014302,932,1278
19113002400,10,0
36103112104,25,0
39055312300,30,0
21209040303,14,0
17073030600,110,0
48355001802,70,0
1069041100,30,0
6001444301,20,0
48139060702,10,0
22071002600,45,0
12057003500,777,661
12005000700,3576,768
12095014400,1481,1198
25025070600,10,0
28163950100,4,0
55127000600,10,0
36103112218,15,0
19157370400,140,0
1069041200,4,0
42091202100,4,0
48139060802,15,0
25003935300,10,0
13069010500,10,0
34001012302,10,0
12057003600,2795,1241
12011030100,1232,1974
36061005400,18,0
12005000803,1402,1980
12005000804,355,1201
12005000805,409,1879
12005000806,100,1020
12095014502,434,1637
12095014503,2163,1255
12095014504,3104,2690
28047001205,4,0
48157673109,4,0
12009064102,1663,2510
12057003700,6321,355
12029970101,768,553
12029970103,224,645
12029970104,220,545
12011030201,966,1428
12011030202,1620,550
12009064123,1139,3362
12009064124,1186,2027
12011030203,1486,1889
12009064126,981,1664
12009064127,5326,4181
12009064128,3367,5165
12009064129,504,615
12009064130,1168,1660
25017370302,10,0
12005000900,529,1769
34021000900,4,0
12086003400,1337,995
12095014601,1308,2370
12095014605,1008,1205
12095014606,6484,3939
12095014607,1237,2898
12095014608,194,1829
12095014609,687,2492
2020001500,15,0
36047013600,80,0
55127000801,10,0
26093733603,20,0
22073001700,4,0
1069041400,137,0
42123970300,10,0
12009064201,2991,879
12009064202,1661,1353
13069010701,20,0
6037620501,10,0
12057003800,1620,353
12029970201,84,174
12029970202,55,345
12011030301,1260,1376
12011030302,1835,3354
36061005600,39,0
51510200102,4,0
5119002407,65,0
12005001000,682,638
25027725100,4,0
12095014701,2018,1858
12095014702,993,2099
12095014703,3670,1348
12095014705,1352,4285
12095014706,1845,3030
34029717300,10,0
4013115200,150,0
2020001602,20,0
24510220100,10,0
34003011400,10,0
18093950800,10,0
1069041500,169,0
34003044202,4,0
12009064301,1332,2129
12009064302,1947,2740
12011030401,1324,1076
12011030402,1572,1015
12005001100,823,1434
48201254800,25,0
12086003603,383,644
12086003604,1017,1160
12086003605,409,920
12086003606,7122,748
12086003607,55,531
12095014804,4002,2710
12095014805,1455,2645
12095014806,707,2519
12095014807,1595,3608
12095014809,1256,1471
12095014810,1263,2345
12095014811,1350,2225
12095014812,23459,2854
12095014813,4120,1712
12095014814,2082,3019
12095014815,1722,2420
28047001503,15,0
42101000101,4,0
55127001000,25,0
47157004200,65,0
29510125500,50,0
1069041600,10,0
12009064400,924,2464
12011030500,8660,2174
48201451501,15,0
12005001200,886,1129
12086003703,6125,1902
12086003704,6536,921
12086003705,2103,1042
12086003706,3660,44
12086003707,5512,1115
12086003708,2425,709
12086003709,1817,683
12086003710,8312,3316
12095014904,912,2905
12095014906,4498,2905
12095014908,949,3399
12095014909,135,1422
34029717502,80,0
34029717501,20,0
29510125600,90,0
12007000100,1603,1751
12047960101,49,4
12047960102,259,727
12047960103,158,157
1069041700,4,0
13053020201,4,0
13053020205,20,0
12009064500,1459,1476
44007016500,10,0
26017286200,15,0
39151701800,15,0
12057004100,530,506
12011030601,6606,736
12011030602,1205,1513
36061005900,10,0
12005001301,1966,2310
12005001302,2801,2609
12086003801,2215,2658
12095015001,423,683
12086003803,2361,942
12086003804,1924,1913
12095015002,490,2652
12095015003,303,3016
12095015005,688,1541
12095015006,440,2332
51510200409,45,0
2020001900,25,0
17031841900,35,0
42101000300,30,0
36055009402,25,0
34023000200,25,0
12007000201,1058,981
12007000202,872,1222
12047960201,104,284
12047960202,259,505
9001257100,25,0
36093020300,100,0
9015904400,4,0
41003010200,10,0
12009064601,5416,3010
12009064602,8082,644
22071003301,15,0
12057004200,2875,634
12011030702,828,1491
12011030703,428,2173
12011030704,485,1888
12011030705,502,785
12005001402,2202,3259
12005001403,996,901
12005001404,2320,3010
12095015103,2332,4327
12095015104,1512,2220
12095015105,860,1419
12086003906,744,1025
12095015106,993,2365
42029304000,10,0
12086003909,565,789
12086003911,530,2188
12086003912,445,1878
12086003913,1170,1732
12086003914,1489,1843
12086003915,669,2289
12086003916,673,1736
12086003917,2235,2554
12086003918,450,1569
12086003919,1883,1294
28047001800,15,0
12086003921,1380,1452
12086003922,789,1110
42101000403,10,0
42101000404,14,0
42101000401,10,0
12069030102,748,1110
12069030104,478,477
12069030106,477,388
12069030108,762,2211
12069030109,1269,1685
12069030110,767,1630
12069030111,34,640
12069030112,415,2072
20091980001,39,0
36055009500,35,0
36035971300,20,0
20091980005,55,0
36103145701,15,0
12047960300,110,221
12007000301,623,1119
12007000302,420,823
1069041902,4,0
1069041901,50,0
47149041900,20,0
48497150202,40,0
53011040507,25,0
48201320700,10,0
12009064701,3303,1174
12009064702,19103,587
37001021702,15,0
12057004300,340,213
12011030803,5481,1279
12011030804,814,694
12011030805,2337,1090
12011030806,1319,1371
36061006100,50,0
12005001501,1186,2503
12005001502,6385,1660
12086004000,9265,1995
39139001700,4,0
12095015202,4341,2636
12095015203,15940,1937
12095015204,3762,3655
42101000500,23,0
36059302200,15,0
12069030203,1632,4065
12069030204,1862,1477
12069030206,1341,1677
12069030208,1413,2392
12069030209,1916,1033
12069030210,734,1035
12069030211,275,1785
12007000400,414,1415
47149042000,15,0
12009064800,4899,1096
48201320800,10,0
12057004400,651,666
12011030902,1130,1336
12011030903,1744,2177
12011030904,507,1808
24033806710,15,0
12005001600,4571,675
51510200704,20,0
12095015300,4120,1998
12086004102,792,1029
12086004103,1972,942
39113050503,40,0
12086004105,1504,1634
12086004106,2071,1272
28047002002,15,0
12069030302,1835,1436
12069030305,204,932
12069030306,928,1817
12069030307,390,1474
12069030308,1307,1808
6073010601,10,0
13077170603,10,0
36103145901,10,0
48157673902,15,0
1069042100,169,0
13185010102,10,0
42091203000,20,0
12009064901,2718,2565
12009064902,1304,1003
48497150405,10,0
12057004500,1364,1197
12011031001,2245,1289
12011031002,1705,2235
8031980001,44,0
12005001700,489,914
12086004204,3126,1422
12086004205,3502,1000
12086004206,5966,1083
12086004207,725,1303
12086004208,378,559
42101000701,4,0
2020002301,30,0
12069030405,1052,1809
12069030406,294,1501
12069030407,2356,911
12069030408,3892,560
12069030409,1087,615
12069030410,360,1102
12069030411,854,2020
36119005702,10,0
48157674002,15,0
36029010001,85,0
47149042200,25,0
34023000603,10,0
13185010204,45,0
25017338400,10,0
42091203106,50,0
9009154600,10,0
12009065001,1713,1595
22071003702,10,0
12057004601,7882,2315
12057004602,14603,777
12011031101,1253,838
12009065022,1861,2333
12009065023,1382,1550
12009065024,903,3385
12009065025,1267,610
12011031102,1210,1524
12005001800,848,567
12086004301,921,1062
12095015501,6627,2820
12086004303,2655,1540
12086004304,567,1243
42029304406,4,0
12087970400,408,1133
42101000806,15,0
12069030505,2555,1155
12069030506,304,910
12069030507,4124,2996
13185010301,70,0
13185010302,10,0
41003010702,4,0
21047200400,15,0
23019028000,4,0
12057004700,4311,1387
12009065123,5924,1395
12009065124,694,849
12011031203,717,472
12009065126,185,1069
12009065127,1482,1450
12009065128,637,1265
12009065129,1862,1809
12009065130,279,1414
12009065131,922,1170
12005001900,620,1862
12011031204,716,1120
12011031205,284,572
12011031206,963,1138
12011031207,1200,1139
12095015601,1237,1188
12095015602,309,914
12086004403,1921,1739
12086004404,2051,589
12086004405,1155,1515
12086004406,779,1077
26161400500,10,0
12087970500,1495,973
2020002501,20,0
2020002502,20,0
12069030601,1280,1339
12069030602,5226,856
13185010401,94,0
4013050603,4,0
41003010800,30,0
12009065201,489,2010
12009065202,1935,2404
48029190901,45,0
12057004800,2837,2084
12009065231,1544,2403
12005002000,5029,606
12009065236,224,575
12009065237,55,710
12009065238,15,105
12009065239,260,899
12009065240,259,435
12086004500,4650,1194
12095015701,1319,980
12095015702,551,703
13045910302,10,0
53063011102,15,0
26163563300,25,0
12087970600,457,359
42101001001,30,0
17031320400,4,0
12069030701,1499,531
12069030702,1708,2323
53033028402,50,0
27137002300,10,0
42027010902,95,0
34011040601,4,0
48303000411,20,0
12057004901,1437,1053
12057004902,2174,2129
36061006700,4,0
12095015801,938,783
12086004602,2792,1726
12095015802,461,912
12086004605,609,1222
12086004607,1620,1414
12086004608,279,747
53063011203,4,0
28047002500,15,0
12087970700,924,949
28073020303,4,0
36059302800,20,0
28073020305,4,0
12069030803,8532,1936
12069030804,411,600
12069030805,922,1609
12069030806,399,1013
12069030807,1667,1268
37025041306,20,0
53007961002,10,0
34023001003,4,0
13185010604,39,0
21047200700,4,0
12057005000,4817,2274
12005002200,2598,1325
12086004701,602,1866
12095015901,7198,1335
12086004703,2505,2316
12086004704,1841,1098
12086004705,934,1929
12071980000,2685,0
12053040101,428,2112
12053040102,1524,552
28047002600,15,0
12087970800,1227,1614
42101001204,10,0
12069030914,2450,1879
12069030915,4169,2761
12069030916,892,3448
12069030917,1306,3329
12069030918,557,699
29510126600,10,0
34023001100,25,0
12123950100,973,963
44007017500,10,0
18039000100,10,0
24033807404,50,0
12057005101,26712,1629
12057005102,2919,2699
24033807408,10,0
53011041329,4,0
48453045300,15,0
12005002300,1364,1348
12095016001,4906,458
12095016002,628,1016
12053040201,154,677
12053040202,613,1835
12087970900,1527,771
12069031001,327,815
12069031002,1723,1846
50007002201,15,0
17031351400,10,0
13185010801,24,0
12123950201,14,299
12123950202,1165,642
36103146618,24,0
12105010300,2945,1042
36103146619,10,0
13261950100,20,0
55073000601,45,0
12005002400,1978,1401
12095016100,852,1810
12086004901,14726,1339
36005006500,10,0
12086004903,729,1260
12086004904,1143,819
12053040301,188,553
12053040302,878,1881
12053040303,389,941
31055006904,10,0
12087971001,325,406
12087971002,485,497
36059303101,60,0
12069031103,585,1087
12069031104,75,65
12069031105,981,1146
12069031106,45,193
12069031107,641,445
12069031108,184,488
53033028802,185,0
50007002303,35,0
39035981000,14,0
27037060301,10,0
13185010900,70,0
42091203801,20,0
12123950301,580,764
12123950302,1184,735
12105010401,1233,775
12105010402,1842,1695
18039000301,10,0
42125741300,15,0
12057005301,2820,2433
12057005302,3238,656
12005002500,1121,1326
12095016200,1330,2954
12086005002,989,1564
12086005003,468,1820
12086005004,523,840
25013800202,35,0
12053040400,2512,1034
12087971100,1187,1316
12069031202,2210,3359
12069031203,309,2313
36059303204,30,0
12069031205,609,1107
12069031206,2064,1664
12069031207,1490,5705
12069031208,1147,1005
29510126900,10,0
13185011000,4,0
12123950401,220,405
12123950402,79,335
12105010501,708,820
12105010502,2223,1802
13015960901,65,0
12071030100,463,1149
22071004500,35,0
12057005401,9056,2333
36061007200,30,0
12005002604,1410,3810
12005002605,628,644
12005002606,362,820
12005002607,662,752
12005002608,1711,1645
12005002609,4519,2535
12086005102,1060,1536
12086005103,328,788
12086005104,864,1461
12053040501,4474,1250
12053040502,1174,1338
12095016302,2151,1816
12087971200,778,850
12069031301,1346,2597
48113012101,8,0
12069031306,1677,4159
1053969802,59,0
12069031308,853,2143
12069031309,2497,4593
6059052427,10,0
34003013002,4,0
12069031312,2892,1848
12069031313,1023,1454
12069031314,952,3739
12069031315,4561,3175
12069031316,1445,3919
12069031317,1313,1510
12069031318,589,3350
12069031319,2702,1385
12069031320,2175,2895
12069031321,1022,1825
12069031322,210,1050
12069031323,180,2139
12069031324,129,1745
6059052439,70,0
13185011100,64,0
36071001500,30,0
36047048100,4,0
42003451300,4,0
9009352100,15,0
42091204007,4,0
12105010601,1827,1767
12105010603,263,1303
12105010604,1193,1589
42027011504,10,0
12071030201,906,290
12071030202,980,2084
12057005500,2428,1653
12071030205,610,1122
26125127100,30,0
5119004103,4,0
51510201804,10,0
51510201805,30,0
12005002703,3827,1444
12086005201,1752,1485
12086005202,1841,1665
12005002706,414,1345
12005002707,932,1170
12005002708,398,344
12005002709,1850,1815
12005002710,2475,2875
12005002711,1134,1384
12005002712,688,1009
12005002713,1873,340
12053040601,444,998
12053040602,1614,1054
12095016406,4520,1016
12095016407,4582,3242
12095016408,273,892
12095016409,725,1401
12095016411,795,1875
12095016412,402,2442
12095016413,821,2105
12095016414,143,1628
12087971300,1298,552
17053961700,10,0
6059052518,20,0
13297110504,45,0
1053969900,180,0
27037060605,100,0
42091204103,8,0
12105010701,1919,1866
12105010702,2674,1292
44007018000,20,0
36005016700,15,0
21047201304,20,0
12071030300,336,1053
36061007400,20,0
34013007400,40,0
51510201900,20,0
34021002800,10,0
12086005303,979,1015
12086005304,798,1408
12086005305,1467,1015
12086005306,538,1062
12095016503,8342,2444
12095016504,335,1858
12053040701,543,3024
12053040702,1436,1373
12095016505,1009,1405
12095016509,525,2263
12095016510,1534,1051
12095016511,1366,1122
12095016515,10234,453
12095016512,2579,1618
12095016513,6590,1665
12095016514,1015,3467
5119004225,15,0
12087971401,641,816
12087971402,90,396
25005641300,10,0
13185011301,225,0
13185011302,19,0
25017339500,10,0
27037060717,15,0
12105010800,1901,1175
12009066101,944,1477
12009066103,365,860
12009066104,768,1590
12057005700,4759,2020
34013007502,25,0
34017005200,25,0
28035010202,10,0
12095016603,808,3930
12095016604,1014,1745
12095016605,422,635
12095016606,310,1189
12095016607,622,2300
12086005403,666,415
12053040801,3098,892
12053040802,566,839
12086005405,771,939
12086005406,567,640
12086005407,2139,716
12086005409,764,949
12086005410,524,708
28047003307,40,0
17031843500,20,0
12087971501,298,547
12087971502,668,1021
36059303600,10,0
28047003312,45,0
1053970100,38,0
13185011401,20,0
13185011402,234,0
13185011404,10,0
13185011405,54,0
34023001806,19,0
27037060813,4,0
36047048400,4,0
12105010900,416,1009
44003020500,95,0
12009066200,1589,1161
31055007451,4,0
21047201502,25,0
18039000801,10,0
27037060836,15,0
18039000804,25,0
12057005800,4372,2728
13261950700,4,0
42087960300,40,0
5119004400,24,0
36061007600,44,0
55073001204,10,0
12086005503,879,1010
12086005504,1006,719
12086005505,162,479
12086005506,903,1115
12095016709,456,2780
12095016710,947,1895
12053040901,1982,2053
12095016713,1751,3182
12095016714,2283,1522
12095016715,1013,2119
12095016716,1031,2249
12053040906,1457,3263
12053040907,324,952
12053040908,1318,2790
12053040909,812,1338
12053040910,767,1706
12053040911,4080,1871
12053040912,248,1060
12053040913,978,775
12087971600,268,725
12095016723,704,2164
12095016724,383,3405
12095016728,797,2138
37135011601,10,0
1053970200,39,0
12095016731,1290,2249
12095016733,1197,2173
12095016735,1654,4545
12095016736,716,3032
12095016737,3125,3270
12095016738,842,2115
12095016739,590,2245
12095016740,2798,1705
12095016741,3429,2105
12095016742,219,1974
12095016743,1298,2365
12095016744,479,2459
12095016745,465,1839
12095016746,150,2415
12095016747,1004,2170
12095016748,1453,3279
12095016749,774,2432
12095016750,302,4630
12095016751,4070,3110
12095016752,565,1569
12095016753,1150,2419
12095016754,385,2000
12095016755,733,3325
12095016756,1019,1234
13185011500,115,0
42091204400,15,0
12105011000,3221,666
12009066301,1572,2430
12009066302,933,2178
22071005000,4,0
12057005900,4005,2880
12015030101,280,1080
12015030102,908,823
12086005600,2291,1724
12095016802,28114,4579
12095016803,5973,1022
12095016804,9416,2075
12095016808,199,955
12095016809,556,2944
12095016810,2741,4155
12095016811,998,4299
12095016812,305,2464
12095016813,58,850
12095016814,427,2175
12053041003,1907,1043
12053041004,1033,2625
12053041005,1346,984
12053041006,1463,2930
12087971700,407,1350
17031843700,4,0
1053970300,75,0
45083021200,34,0
13185011600,50,0
39167020500,10,0
51087200148,10,0
34005700502,10,0
51087200150,25,0
42105950102,15,0
25017339802,10,0
12105011100,1266,583
12009066400,1686,1860
48029192100,25,0
12057006000,2573,2164
12015030201,483,1739
12015030202,549,1045
34021003202,10,0
12086005701,1481,3410
12095016902,17189,1848
12095016904,543,1396
12086005705,185,1220
12095016906,294,1309
12086005706,703,1508
12095016908,3764,1550
12095016909,400,2640
12095016910,50,458
12095016911,2479,3230
12086005707,234,510
12086005708,962,1943
12053041103,497,1262
12053041104,325,1315
12053041105,575,1958
12053041106,605,1381
12087971800,1213,1434
1053970400,14,0
53033029604,20,0
36071002100,4,0
44003020800,4,0
12105011202,353,413
12105011203,779,725
12009066500,877,1394
12105011204,1237,369
44007018500,40,0
18097360900,25,0
12057006101,1616,2025
12057006103,1517,1760
42087960600,4,0
12015030301,1471,842
12015030302,1328,735
48135000100,4,0
12095017001,35028,2306
12086005803,1070,2699
12086005804,945,1504
12086005805,505,1155
12086005806,561,1810
12095017004,7723,2959
12095017006,2567,1633
12053041201,358,1584
12053041203,1331,1516
12053041204,689,884
12095017011,6017,2090
12095017012,989,1328
12095017013,850,2988
12095017015,3102,3305
28047003700,20,0
12095017018,4258,2272
12095017019,295,2040
12087971900,1448,1974
12095017020,835,2784
12095017021,1131,2245
12095017022,3853,3060
12095017023,1171,839
12095017024,1590,1300
12095017025,444,1869
12095017026,693,1313
26025002600,10,0
1053970500,55,0
29510127700,25,0
21151010902,4,0
29189214200,15,0
45083021402,10,0
42003452000,20,0
12105011300,7220,581
5091020901,20,0
12009066600,889,1664
48029192300,85,0
48303001715,4,0
12057006200,1791,1981
42125742200,20,0
36061008000,63,0
12015030401,480,402
12015030402,602,715
34013008000,20,0
12086005901,1232,2183
12086005902,1218,1346
12086005903,1538,2215
12086005904,893,1855
12095017108,1527,4029
12095017109,1202,2673
12053041302,935,1439
12095017111,20015,3481
12053041303,267,163
12053041304,204,246
12095017114,1028,3345
12095017115,946,1523
12053041305,110,110
12095017110,44002,1729
12095017112,783,5248
12095017119,388,1022
12095017120,1267,3018
12095017121,2766,970
12087972000,937,1775
12095017123,3962,1946
12095017117,1207,2545
12095017118,3093,1365
12095017122,2812,1229
26163590500,4,0
25021403300,20,0
1053970600,20,0
6037262501,10,0
37025042603,10,0
48157675702,15,0
26139021501,25,0
26061000900,10,0
12105011400,2963,1339
12009066700,4421,2474
25025040600,19,0
12057006300,891,2134
37099950300,35,0
12015030501,519,1691
17031811301,105,0
12015030504,395,413
12015030505,370,1425
12015030506,543,919
12015030507,165,580
12095017200,1043,2333
12086006002,2977,2543
12086006003,861,1497
12086006004,2424,1200
51087200501,4,0
12053041401,1078,2309
12053041402,367,2445
12087972100,2345,1509
36059304202,35,0
1053970700,95,0
36081029400,15,0
13245010208,4,0
34005700900,40,0
44003021100,35,0
12105011501,454,1817
12105011502,2189,2665
9003520301,4,0
12009066800,234,593
12057006400,885,1964
36061008200,48,0
12095017301,738,1175
12095017302,4150,3639
12086006103,213,890
12086006104,1500,1597
12086006105,504,1017
12086006106,602,1191
34007601500,4,0
12053041501,1388,1137
12053041502,2287,988
12087972200,1043,1084
25021403502,15,0
37183050100,4,0
27097780600,10,0
36055011705,45,0
42091205000,4,0
12105011603,359,568
12009066900,1168,2460
12105011604,1043,1600
12105011605,414,989
12105011606,1035,566
18039001501,15,0
18039001502,10,0
25025040801,60,0
12057006501,767,1780
12057006503,189,598
12057006504,177,235
12086006201,788,1231
12095017401,1973,3015
12086006203,9079,1169
12095017402,3493,2889
12086006205,2774,1902
12086006206,10961,1785
1125011902,4,0
12053041601,504,760
12053041602,644,553
26125160900,40,0
48113013202,10,0
36055011800,10,0
6059086303,4,0
26139021802,4,0
34005701103,4,0
12105011704,2148,1114
55131460102,4,0
12057006600,2316,2093
12105011721,1158,1249
12105011722,1643,601
37081010702,10,0
17031811600,10,0
12105011731,1778,1357
12105011732,1773,1263
38067950100,10,0
24017850901,10,0
34021003800,25,0
12086006302,2367,1897
12086006303,1420,1342
12086006304,327,1155
12095017503,2228,2228
12095017504,3217,4263
12095017505,610,1774
12095017506,1754,4471
51087200805,15,0
17031320102,33,0
26125161000,50,0
12087972400,1634,959
42101002802,60,0
37183050300,15,0
45083021902,20,0
48201421403,15,0
12009067100,4974,654
39035196000,10,0
12057006700,2647,2544
12105011821,360,1064
12105011822,902,1653
48453046900,10,0
17031811701,10,0
48201552501,30,0
45059920503,15,0
12105011832,1443,1725
6075011700,10,0
12105011834,2915,2908
12105011835,722,1903
12105011836,3260,1209
12105011837,433,2080
12105011838,424,1570
12095017600,1714,1473
12086006401,658,1198
12086006402,603,1828
12086006403,638,1277
42029306501,4,0
26125161100,15,0
12087972500,2812,535
25009214100,20,0
42049000100,10,0
34005701301,4,0
34003047100,10,0
12105011901,2972,1998
12105011902,6186,1332
28049003200,100,0
12105011908,283,1796
12105011909,515,1542
12105011910,110,706
12105011911,326,1297
12105011912,835,1196
12105011913,134,871
12057006801,997,2354
12057006802,823,1385
36047082200,20,0
47079969502,15,0
12086006501,561,1405
12095017701,627,2931
12086006503,549,799
12086006504,687,829
12095017702,631,981
12095017703,1350,1377
48251130603,15,0
42101003001,80,0
36005040900,4,0
13245010706,104,0
42091205402,4,0
9015907100,15,0
12105012001,2550,1837
12105012002,2348,841
12105012003,4625,1780
12105012004,7447,899
18039001902,10,0
12057006900,854,2510
17031811900,25,0
34013008700,15,0
22019003200,24,0
47079969602,10,0
21117064002,15,0
12091020101,379,1504
12091020102,628,1520
12086006603,535,1175
12086006604,323,855
12086006605,1100,915
12086006606,501,432
12086006607,288,1300
12086006608,1391,1696
12095017805,999,1460
12095017806,515,2424
12095017807,1257,1688
12095017808,840,1905
12095017809,614,1385
12095017810,2329,1635
12095017811,604,1665
12095017812,1254,3885
12095017813,199,654
12095017814,463,2399
12087972700,1882,990
9001030500,10,0
47037010801,20,0
18037953400,10,0
34023003002,10,0
48113013627,10,0
48113013628,50,0
36047049600,4,0
13101880200,14,0
17197880202,10,0
12105012113,1020,2180
25023501204,10,0
12057007001,1363,1832
12057007002,639,1329
12105012124,290,2109
12105012125,40,989
12105012126,1830,1543
12105012127,1625,3930
12105012128,179,1825
36061008800,40,0
12105012130,174,735
12105012131,518,655
12105012132,482,1562
12105012133,290,2050
25017373600,10,0
12091020200,135,596
12095017901,1627,2026
12095017902,1464,2407
12086006705,645,1726
12086006706,537,1493
12086006707,2419,2460
12086006709,3153,933
12086006713,3757,1299
12086006714,1819,989
12086006715,1270,1643
12086006716,3245,280
12086006717,1167,1320
12086006718,3408,1234
12086006719,796,1400
12086006720,3144,1190
12086006721,2630,1938
12086006722,1134,984
12087972800,1561,1179
25021404100,15,0
36055012301,25,0
26125194200,20,0
12105012203,681,938
12105012207,514,920
12105012208,385,1558
12105012209,2865,2331
17197880307,20,0
12057007102,962,1848
12057007103,808,2114
12091020303,420,1854
12091020304,360,1980
12086006801,3347,1079
12086006802,4636,1360
12091020305,460,1565
12091020306,281,440
12095018000,2490,1589
34021004309,4,0
37179020305,185,0
37179020312,90,0
34021004314,25,0
26125161500,4,0
48113013806,4,0
36119008302,10,0
25027761200,4,0
4013216816,15,0
13245011000,30,0
45083022405,4,0
5069001800,10,0
42003453004,10,0
12105012303,472,1550
12105012304,960,2444
12105012305,159,658
12105012306,439,698
12105012307,192,897
12105012309,359,855
12057007200,548,2415
35001980000,50,0
36061009000,4,0
24017851501,25,0
12091020400,2487,2935
12095018100,2379,1169
12086006901,1121,1123
12086006902,906,1376
34021004407,15,0
26125161600,25,0
53033030801,20,0
29213480108,40,0
6073013424,10,0
42091205810,4,0
47179060402,10,0
12105012404,1661,206
12105012405,1747,3676
17197880502,25,0
12105012407,480,305
12105012408,554,1535
12105012409,188,585
12105012410,288,1023
12105012411,1305,2021
12105012412,971,2998
12105012413,1182,3995
12105012414,204,639
12105012415,665,1116
12057007300,14058,72
36061009100,60,0
12091020500,4041,2609
34021004501,10,0
39085200600,10,0
12095018201,3819,2530
12095018202,1685,2030
12095018203,238,665
12095018204,585,958
12086007003,957,1825
12086007004,1502,2417
12086007005,273,719
12086007006,758,704
12086007007,2316,867
39035131105,4,0
25005610203,4,0
25021404400,10,0
36119008500,99,0
18037953800,55,0
42129806600,10,0
29213480205,4,0
42091205906,4,0
12105012502,1293,3816
12105012506,1090,4780
12105012508,252,1170
12105012509,1233,733
12105012510,115,945
12105012511,65,1345
12105012512,195,985
12105012513,159,717
12105012514,1366,1983
12105012515,1088,3095
18039002400,15,0
22071006500,15,0
36061009200,123,0
25017374000,15,0
12091020601,3261,3160
12091020602,189,1750
12095018300,6876,1099
12086007101,474,1134
12086007103,2469,1026
12086007104,659,1545
22087030105,4,0
48029980001,25,0
47037011300,4,0
18183050600,55,0
48113014124,50,0
48113014126,30,0
12105012601,633,2356
12105012602,1281,1235
48201323900,15,0
48113014151,10,0
12091020701,758,1830
12091020702,1414,2736
12086007200,1101,875
12095018400,7863,1248
24021751201,30,0
39145002400,4,0
6037460401,10,0
48113014205,10,0
12105012701,1021,884
12105012702,1182,1107
42107000300,15,0
36061009400,114,0
48201553403,25,0
21117064700,10,0
12091020800,10902,1425
12086007300,1555,1809
12095018500,17122,1411
48113014313,4,0
48215021100,30,0
48355006000,4,0
29213480501,4,0
12105012802,1192,1654
12105012803,223,450
12105012804,958,924
12009068101,1369,1200
12009068102,795,818
39035197000,4,0
6059021905,10,0
36061009500,70,0
21117064800,15,0
12091020900,2102,3000
36005009000,8,0
12086007401,814,610
12086007402,821,1135
12086007403,4610,1323
48085030506,50,0
26125981300,30,0
36119008901,10,0
48113014406,15,0
51059480201,105,0
48113014410,15,0
51059480203,35,0
51059480204,4,0
51059480205,18,0
36055013005,10,0
12105012900,1417,2160
17197881001,4,0
17197881002,4,0
36061009600,94,0
12091021001,741,2240
12091021002,1761,2555
12095018700,6035,1544
12086007501,608,1055
12086007503,2372,364
34007602902,25,0
12019980000,350,99
6037264103,4,0
34003015402,10,0
36055013104,59,0
1061050100,10,0
36013037300,15,0
47157008120,15,0
12105013001,235,1312
12105013002,1558,1448
39035197200,40,0
25023502101,10,0
17197881111,40,0
25017374500,15,0
34017007400,60,0
12091021101,2247,1304
12091021102,920,3728
12095018800,8937,2887
12086007601,731,1114
24021751600,15,0
12086007603,2857,981
12086007605,2194,1560
12086007607,395,922
12086007608,659,869
12086007609,1062,999
12086007610,6543,2004
26125981500,10,0
45079003100,4,0
34003015500,4,0
12131950608,825,990
36055013205,10,0
36055013206,10,0
48355006300,10,0
34005702500,30,0
42101036901,4,0
12105013101,380,2084
12105013102,753,1116
12105013103,1134,516
12009068400,1572,601
21111003000,14,0
36077590401,25,0
36061009800,25,0
12091021200,13361,1816
12095018901,8378,1485
12095018902,22647,2493
36005009302,4,0
12086007704,685,2008
12086007705,610,1750
12086007706,6783,1440
12086007707,1726,1715
12086007708,454,1079
12086007709,1435,1059
48309000100,10,0
20149000102,10,0
36047116200,65,0
42003421100,74,0
34015500204,10,0
39017011123,14,0
48029161400,15,0
18097330105,165,0
1089001403,25,0
1061050300,250,0
1089001404,45,0
48355006400,25,0
12011100103,3480,1434
12011100104,124,690
12011100105,494,1012
12011100106,434,1385
12011100107,220,728
12011100108,661,1365
12105013200,1323,418
12009068501,858,1059
12009068502,359,1031
29077002200,139,0
42125744102,10,0
36061009902,4,0
12095019000,4943,1811
12086007801,352,320
12086007805,2792,1815
12086007806,941,1400
12086007807,1940,2392
12086007808,7633,1869
12086007809,2112,1738
34007603202,35,0
22089062400,4,0
36059404300,15,0
10003011600,24,0
1061050400,19,0
12011100201,938,850
12011100203,245,1107
12011100204,1439,1089
42091206704,90,0
12105013300,1339,487
9011714101,15,0
12009068601,1343,817
12009068603,164,685
12009068604,1556,930
36061010000,95,0
34017007702,24,0
12019030103,1253,2139
12091021400,6592,1279
12019030104,818,1401
12019030105,415,1880
12019030106,1039,1910
12086007901,3188,1242
12086007902,1358,1262
1097980000,14,0
48201980000,90,0
34007603301,20,0
1073010807,10,0
53067012223,30,0
6073014400,4,0
55079000202,20,0
12011100301,553,1425
12011100302,651,655
12105013400,342,1557
47179061404,25,0
36061010100,140,0
12037970101,222,192
12037970102,144,412
6075013300,4,0
12019030204,1524,3094
12019030205,415,3980
12019030206,885,2980
12019030207,340,3440
12019030208,79,1398
12019030209,679,2166
12019030210,831,2155
12086008000,1287,2339
12091021502,1096,1583
12091021501,1269,2355
48201980100,164,0
1073010900,45,0
27053021400,10,0
36005042400,30,0
18097330401,55,0
24005400800,8,0
12071000303,312,810
12011100400,2169,1839
12071000304,520,775
12071000305,433,566
12071000306,397,1175
42091206906,15,0
12105013500,1627,857
48201423100,10,0
34005702914,25,0
39035197700,10,0
12037970200,679,643
36061010200,15,0
12019030303,2285,1324
12019030304,1744,2310
12019030305,769,2489
12019030306,617,1007
12091021600,323,827
12086008101,361,1219
12086008102,2723,1656
34007603501,35,0
6037461300,4,0
17119402300,10,0
10003011900,10,0
51059480902,70,0
13095000400,10,0
12071000401,667,866
12071000402,327,676
12011100501,2014,325
12011100502,747,1163
12105013601,612,549
12105013602,459,890
21111003501,4,0
48201554301,15,0
12037970302,320,627
12019030400,2749,950
12037970304,1027,711
12091021700,547,984
12086008202,963,1627
18157001100,40,0
12086008205,1107,1367
12086008206,1596,1659
12086008207,1493,2449
12086008208,2998,1880
12086008209,1267,1515
27003050401,75,0
18089040302,10,0
12071000502,1246,1089
12071000503,105,1208
12011100600,684,2130
12071000504,4251,619
13095000502,4,0
25025010103,10,0
42091207101,10,0
34005703104,10,0
12105013701,3378,597
12105013702,3753,2030
36061010400,53,0
12019030500,1505,952
12091021801,646,2629
12091021802,3698,2580
12086008305,2320,2106
12086008308,160,1369
12086008309,1020,1156
12086008310,700,1132
12086008311,603,1264
12086008312,320,1563
12086008313,293,1393
12086008314,114,921
12086008315,330,1570
27003050504,15,0
12071000600,1449,865
12011100700,1304,1563
25025010205,4,0
25025010206,30,0
42129807901,10,0
42101037600,15,0
12055960101,345,369
12055960102,320,453
48201521702,10,0
12055960104,877,591
12105013801,840,1464
12105013802,1690,2519
12055960105,671,220
12009069100,583,1869
13083040300,20,0
12019030600,3842,1414
12091021901,439,659
12091021902,1928,3500
12086008409,3358,2245
12086008415,667,2068
12086008416,1070,1240
12086008418,495,1068
12086008419,1061,1655
12086008420,435,655
12086008421,1117,1916
12086008422,1553,1225
12086008423,1899,2072
12086008424,489,1444
12086008425,2634,615
12086008426,500,1365
12086008427,493,915
12086008428,520,1475
12086008429,9729,1534
12086008430,845,2022
12086008431,2836,444
17119402600,10,0
37183052401,70,0
36119009900,10,0
51059481201,15,0
12071000700,3420,872
26089970300,4,0
12011100801,602,1158
12011100803,569,1514
12011100804,236,1813
47113001605,10,0
12055960200,683,1145
12105013901,3170,1145
12105013902,1596,1993
12009069200,886,1214
51700030100,10,0
17031813801,25,0
12019030701,2495,3409
12019030704,1012,2835
12091022001,1002,1830
12091022002,1393,1515
12019030705,1321,2794
12019030706,2486,1679
12019030707,1603,2364
12019030708,873,2385
12086008502,1976,1785
12086008503,763,917
12086008504,432,875
50005957300,25,0
26161404600,20,0
48135002803,4,0
27003050710,25,0
36055014103,15,0
36055014104,10,0
47037012701,10,0
12071000800,4307,597
48085031657,19,0
48085031659,10,0
12055960300,849,1041
12105014001,894,2445
12105014003,1432,1041
12009069300,410,1158
12105014005,2241,1282
12105014006,204,1228
48085031672,33,0
48085031674,50,0
12019030801,1726,2178
12019030802,2224,2764
12091022100,870,1449
50005957400,10,0
12086008601,1512,1934
12086008603,810,2101
12086008604,406,424
48085031709,20,0
48201980700,135,0
27003050810,70,0
37183052602,15,0
27003050816,15,0
48215022401,10,0
12071000900,135,1028
27003050821,15,0
42101037900,35,0
12055960401,672,1130
12055960402,58,810
12009069400,1202,2870
12105014104,25,741
12003040101,1272,2230
12003040102,1702,2125
12105014121,686,911
12105014123,1712,2439
12105014124,339,330
12105014126,140,1128
12105014127,285,2143
12105014128,639,1623
12105014129,170,1160
12105014130,1073,1000
12105014131,827,590
36061010803,25,0
12019030903,1493,1628
12019030904,1314,2773
12019030905,492,1865
12019030906,1256,1500
19127950200,55,0
50005957500,50,0
12086008702,743,1989
12086008703,275,980
12086008704,223,1143
51177020305,4,0
47157009300,4,0
25025010600,35,0
12071001001,1668,1515
12071001002,1507,1090
34023005100,55,0
39025040303,4,0
12055960501,397,150
12055960503,1409,1448
12055960504,279,430
12105014201,713,1505
12105014202,302,1268
12105014203,413,612
12003040201,245,1357
12003040202,260,1605
12091022300,1537,1342
48085031903,15,0
12086008805,1282,1569
12086008806,642,1400
12086008807,688,2138
12086008808,1106,1145
12086008809,389,697
12086008810,2161,1927
27053022200,20,0
17043840000,14,0
48479001601,40,0
47037013001,15,0
13095001100,25,0
12071001101,1486,1414
25025010701,30,0
12071001103,1568,820
12071001104,1747,743
25025010702,19,0
12055960601,395,710
12055960602,1076,1063
12105014301,1459,383
39173020702,4,0
12105014303,480,1129
12105014304,728,818
12019031101,175,1111
12091022400,2161,1779
12019031104,1312,1408
12019031105,140,580
12019031108,227,260
12019031109,788,959
12019031110,433,1540
25005612100,35,0
12086008904,8464,604
12086008906,294,1842
12086008907,1249,1592
12086008908,905,1263
12086008909,440,1734
12086008910,1019,1145
12086008911,706,1127
27003051103,35,0
36119010400,10,0
24035810400,4,0
8031001704,20,0
8031001706,15,0
8031001707,15,0
48479001711,4,0
17119403121,4,0
6037265522,10,0
12071001203,5559,1488
12071001204,2027,592
12071001205,849,1835
12071001206,8612,994
12071001207,4574,569
12071001208,1813,910
12071001209,845,1860
6001450101,15,0
12055960700,1063,1133
12105014401,1147,1940
12105014402,1527,365
12009069700,600,935
51059416200,14,0
36061011100,110,0
12019031201,448,797
12019031202,457,2843
12019031203,870,2315
12091022500,2425,1944
36001012900,25,0
50005957800,4,0
34029722800,10,0
12086009010,49765,2100
12086009014,2802,2250
12086009015,1338,2543
12086009020,467,915
12086009021,722,1510
12086009022,145,930
12086009024,444,2786
12086009026,438,881
12086009027,434,2012
12086009028,525,2789
12086009029,1554,1538
12086009030,245,2403
12086009031,318,1750
27003051202,49,0
24035810500,4,0
17043840201,20,0
17043840202,15,0
12086009039,1023,3285
12086009040,11271,2432
12086009043,994,2200
12071001300,3575,868
12086009044,338,1337
26125196500,4,0
12086009048,308,1283
12086009049,752,1897
12086009050,500,2720
12086009051,1689,493
12086009052,1167,1209
12086009053,991,2035
12086009054,457,692
12086009055,197,711
12055960800,1132,592
12086009056,1583,1100
12086009057,1357,1540
12086009058,1136,1757
12086009059,365,1494
12105014501,1526,2520
12105014502,63,587
12086009060,862,2384
12086009061,315,1246
12009069801,1396,1772
12009069802,959,1802
12086009062,311,1501
12086009063,50,1420
12086009064,943,1295
12086009065,5143,1184
12086009066,15193,3524
46029954302,25,0
36061011202,35,0
36061011203,4,0
12019031301,274,833
12019031302,457,1225
12019031303,615,1122
12073000200,18177,2359
12091022600,3318,1578
12086009101,498,971
12086009102,24915,1046
5131001102,15,0
25005645103,59,0
12071001401,4360,1805
12071001402,1123,1738
12055960900,583,454
26033970500,65,0
12105014600,563,1233
12009069903,373,1110
12009069904,778,1944
12009069905,4780,0
12009069906,737,422
12009069907,1332,998
36061011300,35,0
18091040100,40,0
12019031400,3497,2174
18141011306,15,0
12091022700,1212,1579
12073000301,803,791
12073000302,2109,963
12073000303,1885,1842
12086009200,215,1126
19127950700,20,0
34029723000,55,0
12095016301,4619,2550
12071001501,1318,824
12071001502,1135,2180
12055961000,653,1109
12105014701,874,2371
12105014703,1378,1635
12105014704,354,2270
12113010100,379,743
36061011402,10,0
12019031500,1418,1047
18141011404,4,0
12073000400,2734,1093
12091022800,411,1272
6013378000,10,0
12086009305,3191,2492
34029723100,60,0
12086009312,7379,2379
12086009314,654,1052
12086009315,369,594
12086009316,712,770
12086009317,660,1095
12086009318,125,704
12086009319,469,1868
12086009320,300,1775
12086009321,300,1009
12086009322,354,1375
12086009323,502,974
12086009324,552,1195
12086009325,840,1025
12086009326,125,575
12086009327,338,915
34003017200,20,0
12071001601,1447,2225
12071001602,5333,1041
6081602300,19,0
26139024902,10,0
12055961100,1593,674
12105014802,2578,936
12105014803,788,1471
12105014804,2113,3298
12131950102,118,571
12131950103,259,1005
12113010200,1539,1728
12131950104,182,651
29077003801,10,0
36061011500,55,0
45073030702,4,0
18141011505,20,0
36103147301,10,0
12091022900,4660,1878
12073000501,894,80
12073000502,4088,771
36103147302,10,0
12086009401,552,710
12086009402,488,1199
42133020222,20,0
12039020101,792,1971
12039020103,319,840
12039020104,299,1120
37083930200,10,0
1089003100,14,0
12071001701,3327,1272
48113016421,20,0
12071001705,1009,1824
12071001706,262,1262
12071001708,3939,1309
12071001709,1337,1000
12071001710,155,455
12071001711,524,758
12055961201,78,285
12055961202,1696,550
12105014903,243,698
12105014904,302,1280
12105014905,274,644
12105014906,1144,4443
12131950201,1302,673
12131950202,1063,770
12113010301,350,2315
12113010302,499,1915
12113010303,419,1845
49049001601,40,0
17031814800,15,0
36061011600,65,0
42003488400,25,0
12073000600,870,1157
12086009503,674,1639
12086009504,1165,1634
12086009505,412,439
12086009506,253,1179
36081000101,20,0
27053022901,55,0
36119011000,10,0
51059482301,4,0
47037013702,15,0
26125197000,4,0
12071001801,1136,2185
12071001802,329,687
37183053512,4,0
37183053519,85,0
12055961301,495,1408
12055961303,1273,95
12055961304,314,689
12105015000,4474,1865
12131950303,180,680
12113010400,3511,1213
12131950304,975,1099
12131950305,718,870
12131950306,274,788
21111004900,18,0
25023504101,4,0
8013012710,25,0
21117067000,55,0
12073000700,3643,1237
12091023100,862,4220
12086009601,1988,920
12086009602,2881,980
36001013510,10,0
12039020300,105,971
25009217300,10,0
54039011100,15,0
51059482400,15,0
37083930400,10,0
19163012901,4,0
24005402407,20,0
12071001903,659,801
12071001908,745,164
25009250100,4,0
12071001910,90,250
12071001911,98,81
12071001912,273,295
12055961401,190,755
12055961402,594,365
12071001913,774,293
12071001915,1174,154
12105015101,1796,1538
12105015102,1220,845
12071001916,140,380
12131950400,293,614
12071001917,994,700
12071001918,1583,528
12071001919,2678,520
12071001920,543,1363
12071001921,1293,1185
12071001922,672,385
12071001923,295,718
12113010503,1127,2459
12113010504,1197,2504
12113010505,489,1235
12113010506,414,1849
21111005000,45,0
42101989200,15,0
36061011800,18,0
12073000800,1432,1801
12091023200,1631,867
12086009703,958,1340
12086009704,1677,2022
12086009705,115,1480
12086009706,229,1682
12039020400,1568,1031
10003013505,10,0
17043840901,10,0
48113016709,14,0
12095016402,1746,1230
36081033100,140,0
24037875601,4,0
37183053717,30,0
39025041306,20,0
12055961500,793,1283
37183053724,40,0
48215023516,25,0
12105015200,1688,1150
37183053730,10,0
12131950501,856,1265
12131950502,1613,2916
51700031400,20,0
12113010601,1323,1920
12113010602,2330,700
42125746100,15,0
12057010105,467,1605
12057010106,797,1330
12057010107,576,875
12057010108,384,808
36061011900,65,0
13103030209,15,0
24031706005,30,0
12073000903,2914,1320
12091023303,2488,669
12073000905,3129,1918
12073000906,6298,1369
12073000907,5201,2843
12091023304,3814,2472
12091023305,1782,2405
12091023306,837,1533
12086009803,1212,3528
12086009804,902,1064
12091023307,1291,1217
12086009806,314,1247
12091023308,2445,1530
12086009809,587,1640
12086009810,209,1624
12086009811,110,370
12039020500,755,1463
12086009812,254,2025
24031706008,10,0
27053023202,15,0
8031002603,30,0
48215023602,20,0
13177020404,10,0
34023006205,15,0
12055961601,151,204
12055961602,45,175
6025011201,35,0
12055961604,1086,341
12055961605,350,1190
12105015302,122,791
12105015301,1122,1417
17197883402,15,0
12131950604,1481,1499
12131950605,1819,1524
12131950606,1636,1065
12131950607,1826,1855
12113010704,2535,3029
12131950609,2533,840
12131950610,1394,1324
12113010707,1310,1830
12113010708,979,2269
12113010709,444,2194
12113010710,225,794
12113010711,1492,2173
12113010712,1783,2391
12113010705,1132,1529
12131950611,610,148
12057010203,603,834
12057010204,385,1930
13081010201,15,0
36011040800,10,0
12057010210,708,2024
12057010211,1053,2270
12057010212,658,2201
12057010213,526,647
12057010215,997,3310
12057010216,423,1911
12057010217,529,2079
12057010218,876,2904
12073001001,650,969
12073001002,363,1257
12086009903,1919,1493
12086009904,534,827
12086009905,351,1738
12086009906,1027,2069
12086009907,353,1967
12086009908,364,1710
12086009909,215,965
12039020600,821,1463
48113016903,50,0
12021010421,419,1400
36119011401,4,0
17043841102,4,0
37083930702,10,0
17043841111,10,0
26125197400,24,0
12055961701,124,498
12055961702,248,665
25021440101,25,0
12105015401,679,674
12105015402,433,1030
12105015404,98,156
12105015405,970,888
12113010802,500,1960
51700031602,15,0
55133200500,55,0
12113010808,2551,1509
12113010809,593,2160
12021010431,294,650
12113010812,915,2262
12113010813,1442,2296
12113010814,1112,2633
12057010303,763,998
12057010304,1022,1253
12057010305,2028,1478
12113010820,275,1545
12113010821,701,2355
12113010822,750,2374
12113010823,1325,2741
12113010824,709,2504
12113010825,1460,1530
12113010826,369,1474
12113010827,1989,3560
12113010828,758,2464
12073001101,568,749
12073001102,678,1220
12086010010,440,1108
12086010012,344,2289
12039020701,780,658
12039020702,1187,1015
12086010013,462,1516
12086010015,719,1007
12086010016,245,1656
12086010017,329,1220
12086010018,295,939
12086010019,230,957
12086010020,125,1000
12086010021,128,1345
12086010022,539,1124
12086010023,360,395
12086010024,154,1040
12086010025,507,1487
12086010026,410,783
39005970600,15,0
1073012910,4,0
17043841204,15,0
1073012916,155,0
35001000117,10,0
37183054007,15,0
1109188800,4,0
37183054018,4,0
12105015500,1245,775
45013000400,10,0
12113010900,3984,2400
55133200600,10,0
12057010401,831,2890
12057010402,8480,2902
37081014501,10,0
12073001200,527,468
39035134203,20,0
12039020800,319,1149
18105000201,100,0
13025960202,4,0
6085501200,20,0
47157010710,4,0
17043841308,25,0
26125197600,30,0
48215023907,40,0
24037876003,10,0
39025041702,4,0
12105015600,135,602
45013000503,25,0
12057010501,317,2830
12057010502,1847,1302
4013810000,20,0
12086010193,728,1523
12073001300,7044,931
12086010198,474,1427
12086010201,955,1438
39035134300,4,0
12086010205,452,1232
12086010207,3973,1248
12086010208,696,1068
12086010209,383,1828
12086010211,416,1472
12086010212,259,603
12086010213,339,1100
12086010214,370,658
24510030200,4,0
37183054206,10,0
47037014400,10,0
26125197702,210,0
25009250700,4,0
12105015701,952,777
12105015702,749,492
42003980700,4,0
12057010600,780,1257
36061012400,4,0
12073001401,268,565
12073001402,492,2150
36005011900,15,0
12086010301,1665,905
12086010302,756,785
12086010303,1248,1044
51059450300,10,0
36059406801,25,0
18105000401,55,0
34003018200,10,0
33015063001,4,0
1109189101,65,0
39123051000,15,0
12105015801,182,268
12105015802,249,662
51760030200,10,0
12009071100,863,1379
26109960700,29,0
29077004804,10,0
39035101700,10,0
12057010701,2194,2387
12057010702,896,1168
36061012500,8,0
48121020319,25,0
12073001500,1717,2296
12086010400,1023,1993
51683910201,25,0
38053962302,40,0
18089042508,15,0
47157011020,25,0
12105015900,443,746
45013000800,4,0
12009071201,6713,2089
12009071202,185,625
12009071203,253,2300
12009071204,125,125
12009071205,462,2625
51041100403,15,0
12057010805,1418,1598
51041100406,20,0
12057010808,1205,1087
12057010809,613,1065
12057010810,5457,2155
12057010811,1137,3326
12057010814,5192,659
12057010815,290,461
12057010816,2340,1138
12057010817,533,1264
12073001601,3567,2725
12057010819,195,708
12057010820,1129,1605
12057010821,250,625
12057010822,552,565
12057010823,263,1033
12057010824,4050,2075
12073001602,325,1455
12086010501,1097,1442
12086010502,1347,3904
17033880200,20,0
25005613700,45,0
2063000200,25,0
12011070102,2565,526
12011070103,789,2820
12011070104,4418,2265
36059407000,15,0
51683910302,10,0
37183054502,4,0
17043841704,20,0
1109189300,4,0
12105016001,613,434
12105016002,181,497
12105016003,419,564
17197884103,10,0
21111005901,35,0
12057010900,14754,1108
36061012700,10,0
12073001701,638,1100
12073001702,4702,2408
12009071335,2417,2107
12009071337,415,2675
51059450601,10,0
12009071339,625,3229
12086010604,610,1847
12009071341,803,2438
12009071342,2210,1556
12009071343,526,1935
12009071344,417,2129
12086010609,2635,1833
12009071345,972,3269
12009071346,699,2570
12009071347,859,2555
12009071348,522,3630
12009071349,214,2125
12009071350,703,2148
12009071351,519,1318
12009071352,265,1138
12009071353,1413,1419
12009071354,833,2369
12011070204,10773,2217
12011070205,1566,2213
12086010613,369,2324
12086010618,235,2205
12011070208,4253,3508
12011070209,543,2126
12011070210,1789,1619
12011070211,1631,3024
12011070212,609,1548
12011070213,694,1207
12086010621,120,1841
12086010622,150,1330
12086010623,2278,1257
12086010624,434,1365
12086010625,385,2420
12086010626,140,1433
36091061002,20,0
24005403401,10,0
49049010128,4,0
12059960100,224,1057
12105016100,1221,479
51760030502,24,0
51760030501,4,0
26065003301,10,0
12009071401,3485,437
12009071402,1251,866
51700032300,15,0
12057011003,1396,2134
12057011005,762,1197
12057011006,1283,3038
12057011007,934,1493
12057011008,4626,2870
6075016000,35,0
12057011010,737,2781
51107980100,258,0
12057011013,4297,1971
12057011016,974,1990
12057011017,4012,844
12057011018,799,3079
12057011019,2503,4356
12073001801,290,1505
12073001803,628,355
12073001804,1194,2245
40109106000,10,0
12086010705,687,1835
12086010706,390,960
12086010707,523,1702
12086010708,505,2039
12086010709,45,1815
12086010710,353,3103
17033880400,10,0
48029131609,10,0
4013319001,15,0
12011070304,1478,2488
12011070306,1158,3415
18105000802,15,0
12011070310,1528,1915
12011070311,755,2514
12011070312,6462,2498
12011070314,1040,2118
12011070315,956,2357
12011070316,1812,2054
38017000300,115,0
12011070318,125,1503
12011070319,822,1672
12011070320,1094,3345
12011070321,644,1393
12011070323,600,1291
12011070324,803,1787
12011070325,8384,2125
12011070326,1649,2216
12011070327,590,2238
12011070328,330,480
12011070329,370,1300
12011070330,980,1564
12011070331,1032,2058
12059960201,294,1038
12059960202,244,387
12009071500,1910,1043
42003981200,45,0
51700032400,10,0
12057011103,1551,1653
12057011106,164,1278
12057011107,1979,2970
12057011108,1547,698
12057011109,1253,1987
21003920300,10,0
12073001901,910,694
12073001902,1838,1415
12086010803,278,900
12086010804,1244,2032
12086010805,255,2005
12086010806,260,1441
48029131700,29,0
12011070401,1744,2664
12011070402,1337,1642
12011070403,898,2290
12011070404,720,1537
12011070405,679,2185
36059407302,20,0
36059407301,40,0
35001000906,4,0
36119012303,30,0
24005403602,10,0
17031980000,406,0
12059960300,35,605
12009071601,653,902
12009071602,4237,845
55133201402,10,0
55133201404,20,0
12057011203,373,1544
12057011204,1912,2481
12057011205,622,1174
12057011206,1249,1167
18019050504,15,0
9001100300,10,0
12073002003,5163,937
12086010900,928,2267
12073002005,960,1742
12073002006,1275,2615
12073002007,684,2060
12073002008,449,1235
12011070501,2788,2495
12011070503,632,2624
12011070504,209,1887
36059407402,10,0
1077011504,70,0
10003014706,35,0
24005403703,10,0
55139001400,50,0
17031980100,65,0
12105016400,6474,595
12059960401,253,0
12059960402,450,564
12059960403,590,508
12009071700,3788,2018
13219030104,25,0
11001980000,128,0
55133201505,25,0
12057011301,3019,1768
33003955301,30,0
12057011303,1664,1304
12057011304,1564,2098
36061013100,10,0
8037000302,10,0
34017010800,80,0
12073002101,249,2662
12073002103,1260,2527
12073002105,274,1605
12073002106,504,1935
12086011003,704,1750
51041100922,30,0
12086011008,415,1876
12086011009,1492,2154
12086011010,1117,1517
12086011011,1150,1395
12086011012,90,810
12086011013,569,1447
12086011014,482,1478
12086011015,810,4624
12011070601,1075,2000
12011070602,3442,3408
18105001101,10,0
18105001102,4,0
12077950100,279,593
8031003801,4,0
24005403802,20,0
26121004200,10,0
17195001000,25,0
51550020809,10,0
26163537100,10,0
12057011407,2594,1097
12057011408,604,1422
12057011409,2675,1546
12057011410,1800,3179
12057011411,558,1000
12057011412,3317,1480
12057011413,1347,2543
12057011414,1673,3401
12057011415,599,2615
12057011416,2923,2830
12057011417,468,2126
12057011418,764,1550
12073002201,4502,3150
12073002205,634,3115
12073002206,559,1561
12073002207,1358,1224
12073002208,517,1994
12086011103,274,1280
12086011104,2624,1565
12086011105,721,1951
12086011106,1052,1580
34007606500,10,0
12077950201,375,489
12077950202,289,328
18089043203,10,0
1097000200,80,0
48113018130,4,0
26065003802,10,0
26125133102,15,0
12057011504,543,1045
12057011506,911,2856
12057011509,1519,2906
12057011510,705,2493
13021013302,4,0
12057011512,736,1907
12057011514,1038,2815
12057011515,1074,2242
12057011516,1755,1559
12073002302,238,1252
12073002303,1146,2093
12073002304,1365,1277
12057011518,792,1668
12057011519,743,965
12086011203,944,1223
12086011204,236,651
12057011520,1441,2345
12057011521,418,2219
12057011522,2595,1783
12057011523,310,764
12057011524,1791,2173
12057011525,1312,1814
12057011526,905,1970
12057011527,1645,1495
12057011528,1699,2526
12086011205,130,749
12086011206,711,1202
40109106503,10,0
10003015000,60,0
1073014104,15,0
13057090908,10,0
9001035101,10,0
34003019104,20,0
17137952100,4,0
55139001700,4,0
26065003901,20,0
33003955601,25,0
12057011603,1522,1754
12057011605,13327,2235
12057011610,1118,2248
12057011611,7499,1977
12057011612,1696,2712
12057011613,1553,1930
12057011614,887,2804
12057011615,375,1866
12057011616,777,3245
12057011617,1275,1776
12073002403,2428,1185
12086011301,869,590
12086011302,786,968
25027732901,55,0
12073002410,2871,3075
12073002411,289,640
12073002413,1220,1459
12073002414,563,2110
12073002415,940,2104
12073002416,3486,1091
36081001903,25,0
12073002418,610,2650
12073002419,649,1930
12073002420,154,1330
12073002421,1509,2035
12073002422,574,1645
12073002423,2144,2445
40109106608,70,0
26125166000,20,0
12095016717,250,1575
13057091001,15,0
6037267901,10,0
48309003709,30,0
13057091010,30,0
24005404102,10,0
8031004110,30,0
33013032400,10,0
12057011708,8246,3487
13021013502,15,0
8037000702,20,0
12057011712,1738,2659
12057011713,984,2949
12057011714,1249,1227
12057011715,1089,1610
12057011716,3497,2639
17031620100,10,0
36061013502,25,0
12073002505,6872,2275
39085205002,15,0
12073002507,245,804
12073002509,1657,1584
12086011405,472,909
12073002511,334,621
12073002512,782,1533
12073002513,569,2320
12073002514,1676,1574
12073002515,919,2599
12073002516,405,1809
12073002517,966,1830
12086011406,565,743
12086011407,240,1083
12086011408,1244,529
12086011409,2304,2055
12086011410,1344,1730
12086011411,604,985
12086011412,670,3225
40109106708,15,0
1073014301,10,0
1073014303,30,0
36119012900,4,0
47037015613,25,0
26147645000,10,0
13027960400,10,0
12057011802,1388,2383
12057011804,4180,2404
12057011805,727,2109
12057011806,652,1123
42133022300,4,0
39061022302,35,0
22015010400,20,0
9003460202,45,0
12073002603,560,1809
12073002604,609,1162
12073002605,6294,2514
12073002606,405,1647
12086011500,1762,2129
4013614700,15,0
9003460204,20,0
18105001600,15,0
30111000200,10,0
48113018506,4,0
33011001000,15,0
39095002800,10,0
13027960500,4,0
12057011905,271,1004
12057011907,787,1670
12057011908,1511,798
12057011909,2559,1185
12057011910,484,1702
12057011911,1061,2528
13021013701,40,0
36061013700,40,0
37081016011,10,0
34039031500,4,0
12073002701,1035,1749
12073002702,279,1186
12086011601,1213,1034
12086011602,1377,1700
42003425000,4,0
6085502704,4,0
12057012001,8397,722
12057012002,2759,1055
17031620400,15,0
12086011701,95,642
12086011702,545,1568
40109107002,15,0
25017313101,20,0
18043070302,25,0
12057012103,14239,2695
37081016201,25,0
12057012106,1779,2112
12057012107,1867,1625
12057012108,546,1467
12057012109,1721,993
12057012110,203,1133
37081016204,15,0
34017011600,4,0
36061013900,4,0
12086011800,130,1116
49035110300,4,0
40109107101,30,0
8031980200,20,0
13151070114,4,0
12021000101,2878,329
12021000102,4975,466
1097000901,25,0
34023008206,10,0
42003458001,35,0
12057012206,547,2577
12057012207,866,3490
12057012208,498,3418
12057012209,595,1978
12057012210,855,2607
12057012211,8459,8
12057012212,2476,1576
12057012213,933,2205
22015010801,10,0
12086011900,631,2432
12021000200,3196,662
18043070500,20,0
1097001001,4,0
37035010102,10,0
45079980100,25,0
55133202500,4,0
12057012301,2020,2883
12057012303,1108,1966
12057012304,1862,1905
39049980000,68,0
12086012001,620,1080
12086012002,149,1934
4013615202,20,0
26125166700,20,0
12021000301,2950,797
12021000302,1085,440
48113019013,20,0
34019010701,15,0
36047055000,40,0
37035010204,30,0
21111007400,4,0
12057012401,1150,1340
12057012402,559,1035
12057012403,916,2616
36061014200,10,0
12086012101,408,1630
12086012102,249,1950
12086012103,130,1573
12086012104,35,744
12086012105,109,1350
40109107407,75,0
34007607504,4,0
12021000401,1201,301
12021000402,609,771
42003130600,10,0
1097001200,14,0
55079004400,60,0
34023008504,25,0
22033000702,50,0
8014031104,20,0
12057012501,2346,1391
12057012503,1072,1888
12057012504,229,1548
39061023001,20,0
12086012200,669,2425
12021000500,554,469
13215000900,4,0
27053025605,10,0
34003020100,80,0
6073018700,20,0
34023008604,54,0
6037301601,10,0
37035010402,4,0
39095003500,10,0
24003701103,10,0
12095016907,808,1900
12057012600,2169,2077
39061023100,10,0
42133023100,15,0
36061014402,25,0
6075017603,25,0
12086012301,125,965
12086012302,218,1640
12071070101,684,601
12071070102,571,833
34007607702,20,0
12021000600,460,448
17031031200,10,0
54039013800,10,0
33015065007,25,0
47037016500,14,0
36081035700,35,0
1097001400,30,0
47065000400,10,0
9013881300,4,0
12057012701,2463,2057
12057012702,1256,1612
36061014500,10,0
17203030501,4,0
6075017700,4,0
39061023210,4,0
12086012401,417,1994
12086012402,904,1629
12086012403,1024,860
12071070201,280,435
12071070202,413,155
36081075701,49,0
12021000700,936,367
36081134100,15,0
47037016600,25,0
6073018905,25,0
55083100700,10,0
18043071007,4,0
26163505700,15,0
24003701302,8,0
55133203000,4,0
12057012800,827,1888
12086012501,1621,919
12086012502,773,1533
51059452501,39,0
36081003100,4,0
27053025906,15,0
27053025907,25,0
8031005300,4,0
10003016309,15,0
31079000700,4,0
22033001102,4,0
12057012900,1566,936
8097000101,4,0
12086012601,757,1333
12086012602,295,1181
18065976000,25,0
42125781700,10,0
42101009100,15,0
27053026007,8,0
48201100001,29,0
55079004900,10,0
27053026025,4,0
25009253100,4,0
27053026028,30,0
33011002100,70,0
48201231100,15,0
22071012101,40,0
22071012102,30,0
12057013001,2115,1476
12057013002,2475,2008
12057013003,1191,1669
12057013004,478,1209
12001110800,1183,628
17031818000,10,0
36061014801,20,0
34017012500,10,0
36089490200,25,0
12086012701,2007,3857
12086012702,1914,1953
39061023521,10,0
39061023522,15,0
36081003301,235,0
37019020108,15,0
16001002319,4,0
25009253201,50,0
17089850202,15,0
51800075104,4,0
25005610202,25,0
42039110502,4,0
55133203305,15,0
55133203307,10,0
12057013100,404,937
39093070700,25,0
55133203308,4,0
36061014900,10,0
53033003900,55,0
12086012801,305,1354
12086012802,4585,1270
40109108114,15,0
42041011101,20,0
37019020206,10,0
17089850302,25,0
48297950100,4,0
8097000402,40,0
12057013203,803,1564
12057013204,379,1300
12057013205,1075,4493
12057013206,855,2489
12057013207,487,1592
12057013208,1200,2424
8097000403,65,0
36061015002,10,0
21067000801,10,0
12086012900,6191,1586
27053026302,10,0
34023009300,14,0
17089850400,10,0
42039110700,4,0
55133203501,25,0
12057013305,2139,2043
12057013307,3483,1810
12057013310,210,1468
12057013311,5387,1286
12057013312,1309,2110
12057013313,767,1842
12057013314,1134,1199
12057013315,6118,3328
12057013316,3995,1335
12057013317,3965,1715
12057013319,1051,3060
12057013320,752,1730
12086013000,392,1452
12057013322,996,3810
12057013323,1826,3271
40109108302,10,0
18065976400,15,0
12093910101,500,1393
12093910102,280,522
42045402200,15,0
40109108322,10,0
27053026403,20,0
9003494500,15,0
42041011301,45,0
42041011304,20,0
47037017200,15,0
42003459201,60,0
33011002500,20,0
18163002500,135,0
42039110800,4,0
55133203601,30,0
12057013406,159,510
12057013407,1959,3084
12057013409,1513,2806
12057013410,767,1992
12057013411,1117,1147
12057013412,1276,1958
12057013413,752,1752
12057013414,668,3131
12057013415,508,1802
21067001000,60,0
12086013100,1180,1940
40109108404,14,0
12093910201,1254,953
12093910202,980,1024
27053026507,15,0
27053026508,15,0
37035011300,15,0
36047056100,15,0
33011002600,10,0
39113125102,10,0
37051002100,40,0
55133203704,25,0
12057013501,1479,1272
12057013503,1187,1230
12057013504,393,1200
12057013505,2606,1166
39061024001,20,0
36061015301,20,0
12086013201,350,893
12086013202,605,1533
34029727001,10,0
12093910300,1345,381
22057020703,20,0
17043844401,4,0
17043844402,50,0
21235920200,15,0
22051024202,174,0
20045001203,15,0
17111870807,40,0
17089850711,20,0
55133203803,20,0
12057013602,2134,528
12057013604,2182,354
12011040101,1085,418
12011040102,1580,884
17031720300,4,0
8041000302,20,0
12086013301,1312,931
12086013302,1054,1306
36103122300,29,0
28047003800,10,0
12093910401,188,698
12093910402,179,414
12093910403,385,834
12095017113,372,4730
34003021200,30,0
12095017116,1619,3996
36119014806,35,0
27053026712,10,0
27053026718,40,0
6073019811,25,0
1101000100,10,0
27053026724,15,0
17111870905,30,0
24003702205,4,0
42061950400,10,0
12057013702,2066,5191
12057013703,2123,4226
12057013705,1396,3120
12057013706,590,1569
12011040203,1304,681
12011040204,1514,1520
12011040205,1791,2334
12011040206,2283,1505
37089930701,45,0
4013092308,10,0
36089490900,15,0
12086013400,735,1938
34007608800,4,0
12093910500,1024,880
36103122408,55,0
34003021300,25,0
27053026807,10,0
17043844601,40,0
17043844602,4,0
18053000700,105,0
1097002502,34,0
1101000200,45,0
22033002000,10,0
28049010201,4,0
12057013801,1088,602
12057013802,1312,1211
12057013803,543,365
12011040300,4477,1986
12057013804,1224,4369
12057013806,1140,1368
12057013807,1344,3945
39061024303,15,0
27139080304,40,0
9003462201,10,0
12086013500,1035,1506
34007608901,15,0
22057021000,20,0
12093910601,1293,1158
12093910602,78,556
12103020105,1670,1054
12103020106,904,1381
12103020107,203,510
12103020108,363,412
12103020109,1822,860
12103020110,65,720
36047122000,35,0
6085504602,25,0
27053026912,55,0
1101000300,10,0
6073020017,25,0
22051024500,10,0
37035011702,59,0
18167000700,15,0
55133204100,20,0
17111871108,15,0
12057013903,592,1382
12011040401,888,955
12011040402,3808,1310
12057013907,281,693
36061015700,25,0
12057013912,574,2363
12057013913,1157,3372
12057013914,869,1686
12057013915,1552,3095
12057013916,476,4826
12057013917,954,2589
12057013918,255,681
12057013919,1325,2992
12086013600,1037,2016
12057013922,1531,3103
12057013923,1385,3823
12057013924,830,1844
12057013925,574,1723
12057013926,1901,3323
12081000101,5613,579
12081000103,1231,1627
12081000105,2601,1273
12081000106,1733,1605
12103020201,544,1919
12103020202,571,1250
25025081001,69,0
12103020206,391,1866
12103020207,404,1332
12103020208,474,964
12103020209,448,1803
22057021101,130,0
22057021102,35,0
36047023800,10,0
25009254100,4,0
35001003736,4,0
12057014002,299,492
12057014003,89,600
12011040502,1146,1420
12011040503,676,491
12057014008,499,355
12057014009,2465,288
12057014007,2078,3198
12011040505,468,280
12011040506,443,543
12057014010,670,383
12057014011,253,445
12057014012,89,399
12057014013,145,446
12057014014,490,179
12057014017,339,362
21017030400,25,0
12086013700,2750,1839
12081000201,819,1179
12081000203,503,580
12081000204,89,315
12103020301,388,1625
12103020302,265,2105
25025081102,4,0
22057021200,40,0
26075000600,19,0
6081605400,4,0
24510230300,10,0
17043844901,35,0
47155081002,270,0
47037017902,4,0
25009254200,45,0
34003054400,4,0
42039111500,4,0
21111009103,25,0
12057014104,170,309
12011040601,2799,1585
12011040602,1786,1499
12057014106,1871,1284
12057014108,1137,2016
12057014109,859,2647
21067001700,15,0
12057014117,532,1186
12057014118,543,1605
12057014119,191,3396
12057014121,1133,2492
12057014122,4009,2564
12086013801,185,929
12086013802,459,1445
12081000304,502,1142
12081000305,787,1885
12103020400,454,933
12081000307,514,1088
22057021300,15,0
12081000309,812,1957
12081000310,534,1324
12081000311,705,700
12081000312,801,679
12081000313,50,455
12081000314,275,585
25003913100,4,0
1097002900,49,0
36007014301,4,0
26065006500,15,0
34003054500,60,0
24003702704,25,0
42039111600,55,0
12057014200,7963,1219
39061024700,10,0
12011040701,1127,1427
12011040702,2033,1948
17031819200,10,0
21017030600,15,0
12086013900,640,1734
12081000403,477,606
12103020500,437,899
12081000405,712,1450
12081000406,1791,1507
12081000407,2907,1210
51640070101,4,0
12081000409,600,703
12081000410,175,1204
51640070102,15,0
22057021400,45,0
12087980000,215,14
48439980000,70,0
27053027300,30,0
36029001700,15,0
25021411302,15,0
6085505006,30,0
6085505010,15,0
25009254401,10,0
25009254402,39,0
22051024900,45,0
9001070600,10,0
47065002000,4,0
22071013400,90,0
12057014300,486,1849
12011040801,210,1800
12011040802,653,2299
21067001900,10,0
12081000501,929,1291
12081000503,215,1885
12081000504,599,1545
12103020600,345,1020
44001030200,10,0
17201000507,20,0
22057021500,4,0
26125168700,15,0
8031006804,8,0
1097003100,15,0
13071970400,10,0
20045000801,25,0
17143001200,10,0
22071013502,8,0
12057014400,1530,2871
12011040901,671,1591
12011040902,514,1321
12086014100,3537,25
12081000601,696,1174
12081000603,398,1321
12081000604,1241,1269
12103020700,695,1090
13215002800,25,0
1101000900,24,0
51710980300,45,0
12011041000,900,624
36061016300,15,0
53033005303,30,0
12086014200,374,1810
12081000703,3924,1182
12081000704,1029,1374
12081000705,527,1844
12103020800,982,1573
42125783300,10,0
11001000202,4,0
37157040400,25,0
48113021200,15,0
27053027602,20,0
1097003301,8,0
1097003302,4,0
6037401901,60,0
28049011001,4,0
39035105602,15,0
12011041100,228,1515
12086014300,282,1361
12081000804,714,1332
12081000805,8836,3064
12081000808,610,2190
12081000809,1793,2270
12081000810,3222,1615
12081000811,3146,1270
12081000812,1242,2055
12081000813,435,1344
12081000814,395,1105
12035060103,1821,639
12035060104,840,1774
12035060105,315,1463
12035060106,863,979
12035060107,925,1831
1097003402,4,0
13071970703,10,0
1097003410,10,0
39155921300,10,0
53063011900,15,0
47045964200,24,0
13217100203,4,0
12011041200,1666,1102
12086014400,610,2158
40109109700,20,0
12081000901,633,2302
12081000902,4775,2709
36085002700,10,0
27053126101,10,0
27053126102,35,0
49035112920,4,0
12035060206,1416,1557
12035060207,2146,1997
12035060208,962,3435
12035060210,1102,1269
12035060211,1560,2714
12035060212,2938,1750
12035060213,3769,2675
12035060214,850,3364
12035060215,856,1594
12035060216,230,1273
12035060217,295,1143
12035060218,929,1432
12035060219,1309,1500
12035060220,394,1145
36047057400,15,0
9009361402,4,0
17143001600,15,0
13217100301,19,0
37051003409,4,0
12011041300,1803,2000
39061025300,10,0
12086014500,1013,1938
12081001001,100,1059
12081001002,558,765
49035113012,30,0
39009972800,35,0
37119980100,118,0
47037018700,4,0
12035060301,1597,1960
12035060302,1211,930
12035060303,455,1043
12035060304,908,844
1097003607,10,0
6037402200,4,0
17089852002,20,0
23005000300,25,0
25023509101,4,0
12011041400,3160,910
12086014601,829,1369
12086014602,832,1887
12103021200,369,759
12081001104,1450,1505
12081001105,544,1227
12081001106,1516,1450
12081001107,905,1529
12081001108,493,893
4013421201,4,0
27053126300,10,0
37119980200,80,0
17043845802,15,0
27137012400,10,0
1097003704,25,0
1097003710,25,0
17089852101,10,0
17031590600,15,0
13217100503,25,0
12011041500,885,1033
12086014701,50,819
12086014702,546,1970
12081001202,1797,1811
12081001203,1375,1827
12081001204,878,2415
36103123701,10,0
33013003006,10,0
12083000101,563,1200
12083000102,359,969
17161024300,19,0
23005000500,4,0
21111010102,29,0
12011041601,1700,1330
12011041602,472,1460
34027041604,10,0
34017014600,10,0
12086014800,564,2205
1103000400,45,0
12081001300,1944,1327
25025180500,45,0
49035113307,4,0
35001004900,4,0
17043846004,35,0
27137012600,25,0
26163508100,15,0
12083000201,288,535
12083000202,1064,1184
12083000203,244,395
17089852300,15,0
55025001901,4,0
13217100701,25,0
26125136800,20,0
12011041700,2690,1439
17031820202,4,0
17031820204,20,0
53033006000,4,0
12086014900,1070,2043
12049970101,324,814
12049970102,318,741
12081001402,99,597
12081001404,323,1699
12103021501,6389,945
12103021502,3634,495
12081001405,1294,750
12081001406,465,550
34007610300,40,0
25017316300,285,0
36081038302,30,0
36033950701,4,0
12083000302,997,1045
12083000303,323,768
12083000304,1278,293
17089852403,10,0
17161024500,4,0
39061025800,10,0
12011041801,1327,858
12011041802,922,1535
34027041802,19,0
21111010314,30,0
26115830801,10,0
17129010200,10,0
12049970201,415,767
12049970202,208,393
12086015001,1118,1748
12086015002,412,1779
12081001501,239,1700
12081001502,1791,1814
12103021600,2590,680
34007610400,50,0
11001001003,10,0
45019001901,15,0
37063980100,25,0
12083000401,335,696
12083000402,429,1042
17089852500,10,0
18097370201,10,0
21111010406,10,0
53053060200,15,0
13217100904,15,0
12011041900,3915,1840
12071040108,232,1970
12071040109,84,2061
12071040110,1606,1484
12071040111,1118,368
12071040113,1014,740
17031820400,25,0
34027041902,40,0
12071040117,1576,1320
12071040118,705,667
12071040120,115,783
12071040121,2673,1061
12071040122,524,1588
12071040123,1774,2004
12071040124,763,2727
12086015101,485,2035
12086015102,373,1162
12086015103,230,1079
12071040126,569,1411
12049970301,779,876
12049970302,315,179
12071040125,870,1163
12071040127,414,1251
12071040128,299,385
12071040129,99,180
12071040130,519,1440
12081001602,1195,776
12081001603,528,180
12081001604,1030,1294
12071040131,2360,215
12071040132,174,252
12071040133,1595,1024
12071040134,1177,178
12071040135,816,783
12071040136,451,2216
12071040137,3032,946
12071040138,6460,1632
12071040139,2978,952
6073021600,4,0
55079007400,20,0
9005266100,4,0
12083000501,184,456
12083000502,55,168
9009165500,10,0
51059422402,19,0
12071040205,250,2156
12071040206,115,755
12071040207,205,1383
12011042000,886,1102
12071040208,125,749
12071040209,109,1037
12071040210,217,927
12071040211,298,1584
12071040212,473,2537
25017382100,15,0
6059980000,15,0
12049970401,1356,514
12049970402,313,695
12086015201,149,976
12086015202,229,1081
12081001701,1364,444
12103021800,1873,1337
12081001705,1078,522
36059411700,15,0
39153530101,20,0
6085506302,20,0
17043846411,25,0
12083000601,392,1290
12083000604,265,839
12083000605,110,751
12083000606,130,1005
12083000607,503,1010
22033003804,44,0
22033003808,94,0
12067960100,164,169
12071040301,353,2848
12071040302,129,1434
12071040303,528,2481
12071040304,1316,2003
12071040305,946,1337
12011042100,3438,1063
12071040308,207,1531
12071040310,140,1110
12071040311,259,1559
12071040312,160,663
12071040313,115,472
12071040314,100,1047
12071040315,155,1067
12071040316,766,1310
8041002300,4,0
34039035200,20,0
12086015300,1957,2419
12081001801,908,605
12081001802,1111,356
12103021900,2017,1267
6059062610,14,0
39035172202,35,0
17043846509,20,0
6059062637,15,0
6059062638,10,0
47037019503,30,0
47037019502,25,0
23003952500,20,0
22051026300,40,0
12083000703,575,1215
12083000704,20,499
12083000705,244,810
12083000706,689,835
12083000707,185,635
22033003907,45,0
13135050113,15,0
22033003912,4,0
12067960201,460,669
12067960202,344,575
22033003913,40,0
21111010701,10,0
12011042200,1427,934
51775010200,10,0
36061017500,15,0
47189030309,45,0
12086015400,1614,2258
39031961000,20,0
12081001904,2604,3279
12103022000,618,754
49035113906,65,0
12081001907,1393,2368
12081001908,305,2384
12081001909,650,1014
12081001910,843,2745
12081001911,1216,3143
10005050801,10,0
12081001913,1111,2341
12081001914,870,1319
12081001915,1088,1685
12081001916,953,2293
9003496900,15,0
12083000803,1037,755
12083000804,204,445
12083000805,731,1215
12083000806,0,200
12083000807,265,330
12083000808,264,290
12083000809,394,190
12083000810,113,535
12083000811,125,220
39165031908,10,0
13135050215,15,0
13135050218,10,0
22033004010,25,0
36081071600,519,0
22033004019,4,0
22033004020,15,0
22033004022,24,0
13135050231,40,0
22033004027,30,0
12011042301,2602,1990
12011042302,6437,667
13135050238,4,0
13135050242,4,0
34039035400,4,0
12086015501,2474,828
12086015502,628,930
49035114000,4,0
12081002003,2095,2683
12081002005,1227,1980
12103022101,747,825
12103022102,539,1418
12081002008,1580,3050
12081002010,698,1838
12081002011,872,1569
12081002012,1946,2511
12081002014,1038,3229
12081002016,1117,1665
12081002017,4641,1890
12081002018,923,2534
12081002019,1263,2319
12081002020,543,1542
12081002021,4852,2625
12081002022,680,672
12081002023,1188,2189
12081002024,510,950
12081002025,1169,2570
17043846702,10,0
37023020600,30,0
36067014200,15,0
13135050306,20,0
12083000901,1257,1610
12083000903,264,1335
12083000904,419,2065
34003056200,10,0
17089853001,20,0
13135050321,20,0
6041106002,10,0
13135050323,60,0
13135050325,15,0
12011042400,475,664
4005000800,30,0
12086015600,876,1959
12103022200,1123,2547
24005408400,44,0
13031110302,10,0
12083001003,45,381
22033004203,4,0
12083001005,820,2325
48201430700,15,0
12083001007,330,1495
12083001008,392,810
12083001009,649,2410
12083001010,1240,812
12083001011,240,1225
12083001012,375,1460
12083001013,767,2395
25023510200,10,0
21111011007,14,0
39061026500,10,0
12011042501,4785,2880
12011042502,16090,1620
13135050439,29,0
34009020102,10,0
12086015700,1802,674
13135050452,10,0
12103022301,1113,1389
12103022302,1846,1946
6059063008,45,0
11001001702,8,0
39153530603,30,0
6085506802,10,0
1097004800,25,0
12083001102,449,940
12083001103,3124,2790
12083001105,1633,1498
12083001106,848,745
39035107101,79,0
13135050526,10,0
13135050529,20,0
13135050536,10,0
12011042601,1877,1709
12011042602,1452,1225
34027042601,15,0
21111011116,25,0
12086015800,390,1832
12103022401,878,1464
12103022402,3087,2053
13135050562,10,0
13135050565,15,0
6081607500,15,0
36029003600,10,0
13135050583,15,0
25005651800,15,0
36067014500,15,0
1097004900,10,0
13031110500,35,0
22033004402,10,0
12083001204,684,2341
12083001205,660,1461
12083001206,245,862
12083001208,266,1443
12083001209,470,975
12083001210,594,2330
12083001211,129,814
12011042700,602,1917
34027042700,35,0
6037141400,4,0
12086015900,374,1023
12125960100,168,265
12085000100,822,649
12103022501,2911,2514
12103022502,2588,1388
12103022503,1380,2713
10005051302,30,0
10005051312,10,0
54107011000,10,0
12083001301,803,2490
12083001302,882,2730
22033004509,25,0
25023510503,10,0
25023510505,4,0
12011042801,955,1595
12011042802,709,525
12086016000,703,1899
22045030401,25,0
21067003906,10,0
49035114500,25,0
12085000200,2215,1439
12103022601,304,1591
12103022602,724,1848
12125960201,599,433
12125960202,588,690
21067003915,10,0
39153530902,4,0
12011010102,823,1509
12011010103,1623,1261
12011010104,1129,910
12083001401,2853,1344
12083001403,2050,1525
12083001404,280,355
12011042900,843,2693
8041003100,10,0
26137950300,10,0
12086016100,878,1943
12085000300,3121,2535
12103022700,1021,2141
12125960300,178,994
36059412600,10,0
25021413500,15,0
17031461000,25,0
21227010200,10,0
12011010201,1406,1658
12011010202,1797,1773
12083001500,2385,627
9005267100,20,0
39049001122,10,0
36103190708,35,0
12011043001,423,687
12011043002,1264,2562
36061018300,10,0
53033007303,30,0
12086016200,475,1247
12085000400,2206,2640
12103022801,958,2205
12103022802,657,1416
42019911900,4,0
6081607900,15,0
45019003107,35,0
45019003115,4,0
45019003116,10,0
39035173104,4,0
36103158001,4,0
36103158015,20,0
12011010304,412,1492
12011010305,3522,2704
12011010306,853,1011
12011010307,5234,1803
12011010308,1274,2499
12083001600,6158,778
22033004800,10,0
17143003403,15,0
13051001100,10,0
39095007501,14,0
23005002002,55,0
12011043100,1086,2168
12086016300,688,1873
12085000501,881,1758
12085000502,590,801
12103022901,1905,1634
12103022902,1281,943
26125171000,10,0
11001002302,10,0
1097005400,20,0
6081608025,30,0
42093050200,35,0
27053980000,114,0
12011010401,855,2357
12011010402,1914,1137
12011010403,1967,700
12083001700,2137,1454
12011010405,2670,2429
12011010406,709,1923
12011010407,3627,2472
25017350500,30,0
48201431401,4,0
51099040100,20,0
25023510900,30,0
23005002101,10,0
23005002102,169,0
39035107701,20,0
37109070201,30,0
53053061501,10,0
12086016401,270,1577
12086016402,149,819
12103023000,922,1238
12085000603,2020,2264
12085000604,1259,2475
12085000606,1537,2561
12085000607,529,655
12085000610,1109,1518
42049010101,4,0
36103158206,4,0
36103158209,10,0
12011010502,1809,1807
12011010503,1417,4643
12011010504,1189,2406
12083001800,1565,449
6037207502,10,0
39113030100,10,0
25025051101,20,0
53053061601,30,0
12011043301,1349,2569
12011043302,6104,722
45091060200,4,0
47143975401,15,0
34013018600,10,0
39027964400,15,0
12086016501,464,929
12086016502,245,1973
12103023100,189,1408
12085000701,1561,375
12085000702,433,505
45047970301,15,0
45019003400,15,0
39153531406,4,0
39153531407,35,0
1097005602,10,0
1101003301,100,0
12011010601,2974,3865
12011010603,1187,2443
12011010604,1426,1802
12011010605,763,3238
12011010606,5630,3532
12083001900,9214,960
12011010609,3294,2599
12011010610,1179,3150
12011010611,789,1669
12011010612,1536,3307
12011010613,474,1684
12011010614,747,867
12011010615,387,1991
33015003703,4,0
23019027000,10,0
21111011901,30,0
21111011906,4,0
12086016600,276,1406
12103023200,773,1543
12085000800,4847,846
6059063904,15,0
45051050600,15,0
12063210100,353,558
36103158411,25,0
12011010701,2569,2449
12011010702,3484,4075
21227010701,85,0
22033005200,15,0
12083002001,1823,1067
12083002002,2025,1743
33015003802,19,0
55035001500,10,0
6037207711,14,0
48187210400,10,0
21111012005,4,0
12086016700,711,1877
36005018302,15,0
12103023300,897,1395
12085000901,2249,416
12085000902,2031,1690
45007010501,15,0
12063210200,79,203
1097005800,20,0
12011010800,1810,3229
4013980400,90,0
12083002100,3259,2188
48201431801,4,0
48201431804,15,0
48201333501,45,0
9009167101,15,0
39061027600,10,0
36061018900,4,0
17031822102,34,0
8041003801,30,0
39027964700,179,0
12086016800,711,1156
36005018400,20,0
25023544100,15,0
12085001000,8418,2235
12103023400,3832,906
12063210301,255,566
12063210302,578,687
12011010901,743,986
12011010902,1028,1517
47125101400,4,0
12083002201,1224,1059
12083002202,704,1467
12083002203,1374,2814
39049001820,20,0
22051027803,15,0
48201431902,35,0
6037207902,10,0
48187210606,10,0
1031011203,45,0
12086016900,115,1235
25013812104,4,0
12103023501,397,1281
12103023502,756,594
12085001103,1166,1044
12085001105,1194,1480
12085001106,1183,2529
12085001107,1068,680
12085001108,805,1599
39153531802,4,0
12063210400,351,846
39049001901,40,0
1097006000,10,0
36103158708,10,0
12011011000,478,633
36103158712,10,0
6037404600,4,0
36103158715,15,0
12083002302,1273,2509
12083002303,382,600
12083002304,2072,1843
22051027903,25,0
28059040702,4,0
48201333700,65,0
36081073100,20,0
39095008207,10,0
34009021400,60,0
1031011300,15,0
53033008102,15,0
12086017000,558,1795
12085001200,3750,1052
12103023601,819,749
12103023602,313,634
45019003900,4,0
25017318400,45,0
12063210500,1704,1085
39049002000,15,0
1097006106,15,0
21227011100,10,0
36093033500,40,0
12083002401,9229,1819
12083002402,1319,2090
12109020200,3581,1138
17031822400,10,0
12086017101,232,843
12086017102,233,707
26091060302,4,0
12103023700,868,1470
12085001301,1391,1540
12085001302,564,1455
12063210600,1029,880
56005000300,10,0
25005653102,15,0
12083002503,1480,2539
12083002504,4104,1505
12083002505,3223,1860
12083002506,1331,480
12083002507,2707,1924
12109020300,1565,1046
23005002901,19,0
45091060901,4,0
12086017200,580,1497
12013010100,250,504
12103023800,997,1179
12085001404,1543,1953
12085001406,669,1505
12085001407,160,376
12085001408,711,1695
12085001409,310,918
12085001410,1132,1955
12063210700,1116,1312
34003025100,10,0
36071013600,25,0
21227011300,4,0
12083002602,1152,1343
12083002604,330,1239
12083002605,1129,665
48201432302,20,0
12083002607,150,1119
12083002608,613,999
12083002609,605,255
12083002610,215,760
12109020400,3405,1598
24003706103,10,0
23005003002,80,0
37109071101,15,0
34027044102,10,0
6075022600,20,0
34013019400,10,0
12086017300,462,1010
12013010200,199,677
12085001500,1653,1497
12103023900,1430,914
39153532202,10,0
29183311146,30,0
12063210800,866,722
17077010900,25,0
51059490105,10,0
42049011001,4,0
1097006403,20,0
1097006410,4,0
28059041101,4,0
12083002703,1753,771
12083002704,689,855
12083002705,414,1384
12083002706,65,340
12109020500,4427,1796
21111012701,4,0
8001060200,10,0
36061019500,50,0
8041004403,110,0
34039037300,4,0
17011965300,30,0
12086017401,45,332
12086017402,1143,1251
12013010301,524,662
12013010302,300,409
12085001601,735,1414
12085001602,259,359
12103024001,673,1558
12103024002,1188,2665
12103024004,684,2085
12103024005,765,1897
12063210901,204,352
12063210902,559,588
17089854900,20,0
12109020603,627,840
12109020604,1000,1055
12109020605,2224,2780
12109020606,1808,3350
12086010608,505,2220
9001205200,4,0
36061019600,4,0
12086010610,686,1241
26115833300,20,0
8041004501,15,0
12086017500,263,1460
36001013703,10,0
12103024100,1921,2639
12085001701,2048,1159
12085001702,480,458
12085001703,1113,2093
45019004400,15,0
26047970800,45,0
6037274100,10,0
6059032053,25,0
12063211000,978,1383
6085508602,15,0
36001013708,10,0
12086010619,564,859
12086010620,229,1007
28059041301,20,0
13305970201,10,0
12109020704,994,1168
12109020705,5298,2394
12109020706,997,1456
12109020707,1831,1959
12109020708,486,1962
12031000101,619,655
12031000102,523,747
12109020710,879,749
12109020712,539,1190
12109020713,421,700
37119000102,20,0
37119000104,12,0
22079012400,10,0
34027044401,10,0
1113030200,75,0
12086017600,598,2398
12103024201,368,1265
12103024202,203,1364
12085001803,465,631
12085001804,851,1344
12085001805,481,327
12085001806,648,118
12063211100,225,1051
6085508708,10,0
39049002600,10,0
9001074300,25,0
24510070400,10,0
12109020801,2246,4053
12109020802,1265,1662
12109020803,1851,2529
12109020804,1073,2225
12111380100,2695,178
24003706500,10,0
12109020807,869,1167
12031000200,1772,672
12109020808,658,4427
12109020809,124,2980
12109020810,1013,2958
12109020811,1512,1533
34009022101,25,0
48041000603,40,0
12086017700,324,1511
12103024301,791,2291
12103024302,1190,2046
45019004612,15,0
12011110100,1607,2601
12109020903,2018,1695
12109020904,4001,4070
12109020905,1353,4100
12109020906,1793,3409
12109020907,1013,1755
12031000300,721,494
12109020908,2724,3340
12111380200,200,826
21111013100,15,0
42097082100,30,0
4013817600,4,0
51710000902,29,0
12086017800,377,2528
26009960200,40,0
12103024403,1528,2167
12103024406,1643,3379
12103024408,926,2181
12103024409,370,1016
12103024410,3906,1977
12103024411,1607,1887
12103024412,19967,3413
12103024413,1430,2205
36059414301,60,0
39153532701,25,0
6037700400,80,0
36103159604,15,0
1097006902,60,0
12071010104,268,229
12071010106,260,2223
12071010107,0,1289
12071010108,1029,1439
12071010109,208,1079
12071010110,290,798
12071010111,454,2247
12071010112,189,405
12071010113,495,944
12109021002,1005,2439
12109021003,1979,1965
12109021004,1753,1175
12111380300,308,949
34039037800,10,0
12086017901,618,1759
12086017902,997,1405
36081008500,45,0
12103024505,5157,2955
12103024507,637,1954
12103024508,4629,2664
12103024509,7469,1814
12103024510,5149,1140
42045407102,4,0
12103024512,15366,1047
12103024514,4335,2858
12103024515,1597,755
12103024516,1629,305
12103024517,289,1664
12103024518,230,935
12103024519,464,2100
25021415300,10,0
27137015700,20,0
6037700501,4,0
1097007000,53,0
36067016600,50,0
12071010203,2797,2907
12011110301,2269,1961
12071010205,1126,2041
12011110303,754,1981
12071010208,508,1654
12071010206,535,3118
12071010210,563,1114
12071010207,337,1520
12011110307,927,2557
12011110308,1073,2484
12011110309,5290,2643
12071010209,270,215
12011110311,629,3178
12011110312,2499,2559
12011110313,1628,2457
25017352102,25,0
12109021101,859,1986
12109021102,1550,1965
12109021103,629,1035
12111380400,3780,2365
12011110319,1481,1947
12011110321,8072,1922
12011110323,1426,1818
12011110326,936,2036
12011110327,2711,2575
12011110328,2432,2497
37119000502,4,0
12011110330,464,1423
12011110332,1298,2568
12011110333,1876,3283
12011110334,1521,522
12011110337,1431,2859
12011110338,1844,1251
12011110339,788,1831
12011110341,1593,743
12011110344,229,1407
12011110345,5054,1629
12011110346,1244,1625
12011110347,1532,2679
12011110348,565,1929
12011110349,3520,1094
12011110350,753,1119
12011110351,1156,884
12011110352,1115,1195
12011110353,920,2075
12086018001,40,569
12086018002,90,924
12086018003,1708,3005
12011110354,1001,450
12011110355,391,650
12011110356,304,1904
12011110357,752,3784
12103024601,939,1570
12011110358,1087,4000
12103024603,268,965
12103024604,1534,933
12011110359,753,2500
12011110360,2646,2354
12011110361,335,3644
12011110362,1877,1640
12011110363,592,1430
12011110364,579,2523
12011110365,380,1805
12011110366,233,1259
12011110367,778,1250
12011110368,135,1166
6085509108,15,0
36081041400,65,0
12071010302,2824,2261
12071010303,1710,1574
